Workbook

Sheet PPP conversion rate_LCUperID
A1: iso3 | B1: name for match | C1: Economy | D1: c_2021 | E1: c_2022 | F1: c_2023 | G1: c_2024 | H1: c_2025 | I1: c_2026 | J1: c_2027
A2: =VLOOKUP(LOWER(B2),[1]country_name_iso_mapping!$A:$C,3, FALSE) -> AFG | B2: Afghanistan | C2: Afghanistan | D2: =IF(ISNUMBER(Raw_from_worldbank!B6),Raw_from_worldbank!B6, IF(ISNUMBER(SEARCH("k",Raw_from_worldbank!B6)), VALUE(SUBSTITUTE(LOWER(Raw_from_worldbank!B6),"k",""))*1000, NA())) -> 17.3 | E2: =IF(ISNUMBER(Raw_from_worldbank!C6),Raw_from_worldbank!C6, IF(ISNUMBER(SEARCH("k",Raw_from_worldbank!C6)), VALUE(SUBSTITUTE(LOWER(Raw_from_worldbank!C6),"k",""))*1000, NA())) -> 17.7 | F2: =IF(ISNUMBER(Raw_from_worldbank!D6),Raw_from_worldbank!D6, IF(ISNUMBER(SEARCH("k",Raw_from_worldbank!D6)), VALUE(SUBSTITUTE(LOWER(Raw_from_worldbank!D6),"k",""))*1000, NA())) -> #N/A | G2: =IF(ISNUMBER(Raw_from_worldbank!E6),Raw_from_worldbank!E6, IF(ISNUMBER(SEARCH("k",Raw_from_worldbank!E6)), VALUE(SUBSTITUTE(LOWER(Raw_from_worldbank!E6),"k",""))*1000, NA())) -> #N/A | H2: =IF(ISNUMBER(Raw_from_worldbank!F6),Raw_from_worldbank!F6, IF(ISNUMBER(SEARCH("k",Raw_from_worldbank!F6)), VALUE(SUBSTITUTE(LOWER(Raw_from_worldbank!F6),"k",""))*1000, NA())) -> #N/A | I2: =IF(ISNUMBER(Raw_from_worldbank!G6),Raw_from_worldbank!G6, IF(ISNUMBER(SEARCH("k",Raw_from_worldbank!G6)), VALUE(SUBSTITUTE(LOWER(Raw_from_worldbank!G6),"k",""))*1000, NA())) -> #N/A | J2: =IF(ISNUMBER(Raw_from_worldbank!H6),Raw_from_worldbank!H6, IF(ISNUMBER(SEARCH("k",Raw_from_worldbank!H6)), VALUE(SUBSTITUTE(LOWER(Raw_from_worldbank!H6),"k",""))*1000, NA())) -> #N/A
A3: =VLOOKUP(LOWER(B3),[1]country_name_iso_mapping!$A:$C,3, FALSE) -> ALB | B3: Albania | C3: Albania | D3: =IF(ISNUMBER(Raw_from_worldbank!B7),Raw_from_worldbank!B7, IF(ISNUMBER(SEARCH("k",Raw_from_worldbank!B7)), VALUE(SUBSTITUTE(LOWER(Raw_from_worldbank!B7),"k",""))*1000, NA())) -> 40 | E3: =IF(ISNUMBER(Raw_from_worldbank!C7),Raw_from_worldbank!C7, IF(ISNUMBER(SEARCH("k",Raw_from_worldbank!C7)), VALUE(SUBSTITUTE(LOWER(Raw_from_worldbank!C7),"k",""))*1000, NA())) -> 41.1 | F3: =IF(ISNUMBER(Raw_from_worldbank!D7),Raw_from_worldbank!D7, IF(ISNUMBER(SEARCH("k",Raw_from_worldbank!D7)), VALUE(SUBSTITUTE(LOWER(Raw_from_worldbank!D7),"k",""))*1000, NA())) -> 41.4 | G3: =IF(ISNUMBER(Raw_from_worldbank!E7),Raw_from_worldbank!E7, IF(ISNUMBER(SEARCH("k",Raw_from_worldbank!E7)), VALUE(SUBSTITUTE(LOWER(Raw_from_worldbank!E7),"k",""))*1000, NA())) -> 41.8 | H3: =IF(ISNUMBER(Raw_from_worldbank!F7),Raw_from_worldbank!F7, IF(ISNUMBER(SEARCH("k",Raw_from_worldbank!F7)), VALUE(SUBSTITUTE(LOWER(Raw_from_worldbank!F7),"k",""))*1000, NA())) -> 42.3 | I3: =IF(ISNUMBER(Raw_from_worldbank!G7),Raw_from_worldbank!G7, IF(ISNUMBER(SEARCH("k",Raw_from_worldbank!G7)), VALUE(SUBSTITUTE(LOWER(Raw_from_worldbank!G7),"k",""))*1000, NA())) -> 42.7 | J3: =IF(ISNUMBER(Raw_from_worldbank!H7),Raw_from_worldbank!H7, IF(ISNUMBER(SEARCH("k",Raw_from_worldbank!H7)), VALUE(SUBSTITUTE(LOWER(Raw_from_worldbank!H7),"k",""))*1000, NA())) -> 43.2
A4: =VLOOKUP(LOWER(B4),[1]country_name_iso_mapping!$A:$C,3, FALSE) -> DZA | B4: Algeria | C4: Algeria | D4: =IF(ISNUMBER(Raw_from_worldbank!B8),Raw_from_worldbank!B8, IF(ISNUMBER(SEARCH("k",Raw_from_worldbank!B8)), VALUE(SUBSTITUTE(LOWER(Raw_from_worldbank!B8),"k",""))*1000, NA())) -> 41.7 | E4: =IF(ISNUMBER(Raw_from_worldbank!C8),Raw_from_worldbank!C8, IF(ISNUMBER(SEARCH("k",Raw_from_worldbank!C8)), VALUE(SUBSTITUTE(LOWER(Raw_from_worldbank!C8),"k",""))*1000, NA())) -> 47.9 | F4: =IF(ISNUMBER(Raw_from_worldbank!D8),Raw_from_worldbank!D8, IF(ISNUMBER(SEARCH("k",Raw_from_worldbank!D8)), VALUE(SUBSTITUTE(LOWER(Raw_from_worldbank!D8),"k",""))*1000, NA())) -> 46 | G4: =IF(ISNUMBER(Raw_from_worldbank!E8),Raw_from_worldbank!E8, IF(ISNUMBER(SEARCH("k",Raw_from_worldbank!E8)), VALUE(SUBSTITUTE(LOWER(Raw_from_worldbank!E8),"k",""))*1000, NA())) -> 47.8 | H4: =IF(ISNUMBER(Raw_from_worldbank!F8),Raw_from_worldbank!F8, IF(ISNUMBER(SEARCH("k",Raw_from_worldbank!F8)), VALUE(SUBSTITUTE(LOWER(Raw_from_worldbank!F8),"k",""))*1000, NA())) -> 49.8 | I4: =IF(ISNUMBER(Raw_from_worldbank!G8),Raw_from_worldbank!G8, IF(ISNUMBER(SEARCH("k",Raw_from_worldbank!G8)), VALUE(SUBSTITUTE(LOWER(Raw_from_worldbank!G8),"k",""))*1000, NA())) -> 51.8 | J4: =IF(ISNUMBER(Raw_from_worldbank!H8),Raw_from_worldbank!H8, IF(ISNUMBER(SEARCH("k",Raw_from_worldbank!H8)), VALUE(SUBSTITUTE(LOWER(Raw_from_worldbank!H8),"k",""))*1000, NA())) -> 53.6
A5: =VLOOKUP(LOWER(B5),[1]country_name_iso_mapping!$A:$C,3, FALSE) -> AND | B5: Andorra | C5: Andorra | D5: =IF(ISNUMBER(Raw_from_worldbank!B9),Raw_from_worldbank!B9, IF(ISNUMBER(SEARCH("k",Raw_from_worldbank!B9)), VALUE(SUBSTITUTE(LOWER(Raw_from_worldbank!B9),"k",""))*1000, NA())) -> 0.61 | E5: =IF(ISNUMBER(Raw_from_worldbank!C9),Raw_from_worldbank!C9, IF(ISNUMBER(SEARCH("k",Raw_from_worldbank!C9)), VALUE(SUBSTITUTE(LOWER(Raw_from_worldbank!C9),"k",""))*1000, NA())) -> 0.59 | F5: =IF(ISNUMBER(Raw_from_worldbank!D9),Raw_from_worldbank!D9, IF(ISNUMBER(SEARCH("k",Raw_from_worldbank!D9)), VALUE(SUBSTITUTE(LOWER(Raw_from_worldbank!D9),"k",""))*1000, NA())) -> 0.6 | G5: =IF(ISNUMBER(Raw_from_worldbank!E9),Raw_from_worldbank!E9, IF(ISNUMBER(SEARCH("k",Raw_from_worldbank!E9)), VALUE(SUBSTITUTE(LOWER(Raw_from_worldbank!E9),"k",""))*1000, NA())) -> 0.6 | H5: =IF(ISNUMBER(Raw_from_worldbank!F9),Raw_from_worldbank!F9, IF(ISNUMBER(SEARCH("k",Raw_from_worldbank!F9)), VALUE(SUBSTITUTE(LOWER(Raw_from_worldbank!F9),"k",""))*1000, NA())) -> 0.61 | I5: =IF(ISNUMBER(Raw_from_worldbank!G9),Raw_from_worldbank!G9, IF(ISNUMBER(SEARCH("k",Raw_from_worldbank!G9)), VALUE(SUBSTITUTE(LOWER(Raw_from_worldbank!G9),"k",""))*1000, NA())) -> 0.6 | J5: =IF(ISNUMBER(Raw_from_worldbank!H9),Raw_from_worldbank!H9, IF(ISNUMBER(SEARCH("k",Raw_from_worldbank!H9)), VALUE(SUBSTITUTE(LOWER(Raw_from_worldbank!H9),"k",""))*1000, NA())) -> 0.6
A6: =VLOOKUP(LOWER(B6),[1]country_name_iso_mapping!$A:$C,3, FALSE) -> AGO | B6: Angola | C6: Angola | D6: =IF(ISNUMBER(Raw_from_worldbank!B10),Raw_from_worldbank!B10, IF(ISNUMBER(SEARCH("k",Raw_from_worldbank!B10)), VALUE(SUBSTITUTE(LOWER(Raw_from_worldbank!B10),"k",""))*1000, NA())) -> 210.4 | E6: =IF(ISNUMBER(Raw_from_worldbank!C10),Raw_from_worldbank!C10, IF(ISNUMBER(SEARCH("k",Raw_from_worldbank!C10)), VALUE(SUBSTITUTE(LOWER(Raw_from_worldbank!C10),"k",""))*1000, NA())) -> 229.1 | F6: =IF(ISNUMBER(Raw_from_worldbank!D10),Raw_from_worldbank!D10, IF(ISNUMBER(SEARCH("k",Raw_from_worldbank!D10)), VALUE(SUBSTITUTE(LOWER(Raw_from_worldbank!D10),"k",""))*1000, NA())) -> 250.7 | G6: =IF(ISNUMBER(Raw_from_worldbank!E10),Raw_from_worldbank!E10, IF(ISNUMBER(SEARCH("k",Raw_from_worldbank!E10)), VALUE(SUBSTITUTE(LOWER(Raw_from_worldbank!E10),"k",""))*1000, NA())) -> 304.5 | H6: =IF(ISNUMBER(Raw_from_worldbank!F10),Raw_from_worldbank!F10, IF(ISNUMBER(SEARCH("k",Raw_from_worldbank!F10)), VALUE(SUBSTITUTE(LOWER(Raw_from_worldbank!F10),"k",""))*1000, NA())) -> 332.3 | I6: =IF(ISNUMBER(Raw_from_worldbank!G10),Raw_from_worldbank!G10, IF(ISNUMBER(SEARCH("k",Raw_from_worldbank!G10)), VALUE(SUBSTITUTE(LOWER(Raw_from_worldbank!G10),"k",""))*1000, NA())) -> 347.1 | J6: =IF(ISNUMBER(Raw_from_worldbank!H10),Raw_from_worldbank!H10, IF(ISNUMBER(SEARCH("k",Raw_from_worldbank!H10)), VALUE(SUBSTITUTE(LOWER(Raw_from_worldbank!H10),"k",""))*1000, NA())) -> 362.5
A7: =VLOOKUP(LOWER(B7),[1]country_name_iso_mapping!$A:$C,3, FALSE) -> ATG | B7: Antigua and Barbuda | C7: Antigua and Barbuda | D7: =IF(ISNUMBER(Raw_from_worldbank!B11),Raw_from_worldbank!B11, IF(ISNUMBER(SEARCH("k",Raw_from_worldbank!B11)), VALUE(SUBSTITUTE(LOWER(Raw_from_worldbank!B11),"k",""))*1000, NA())) -> 2.1 | E7: =IF(ISNUMBER(Raw_from_worldbank!C11),Raw_from_worldbank!C11, IF(ISNUMBER(SEARCH("k",Raw_from_worldbank!C11)), VALUE(SUBSTITUTE(LOWER(Raw_from_worldbank!C11),"k",""))*1000, NA())) -> 2 | F7: =IF(ISNUMBER(Raw_from_worldbank!D11),Raw_from_worldbank!D11, IF(ISNUMBER(SEARCH("k",Raw_from_worldbank!D11)), VALUE(SUBSTITUTE(LOWER(Raw_from_worldbank!D11),"k",""))*1000, NA())) -> 2 | G7: =IF(ISNUMBER(Raw_from_worldbank!E11),Raw_from_worldbank!E11, IF(ISNUMBER(SEARCH("k",Raw_from_worldbank!E11)), VALUE(SUBSTITUTE(LOWER(Raw_from_worldbank!E11),"k",""))*1000, NA())) -> 2 | H7: =IF(ISNUMBER(Raw_from_worldbank!F11),Raw_from_worldbank!F11, IF(ISNUMBER(SEARCH("k",Raw_from_worldbank!F11)), VALUE(SUBSTITUTE(LOWER(Raw_from_worldbank!F11),"k",""))*1000, NA())) -> 2 | I7: =IF(ISNUMBER(Raw_from_worldbank!G11),Raw_from_worldbank!G11, IF(ISNUMBER(SEARCH("k",Raw_from_worldbank!G11)), VALUE(SUBSTITUTE(LOWER(Raw_from_worldbank!G11),"k",""))*1000, NA())) -> 2 | J7: =IF(ISNUMBER(Raw_from_worldbank!H11),Raw_from_worldbank!H11, IF(ISNUMBER(SEARCH("k",Raw_from_worldbank!H11)), VALUE(SUBSTITUTE(LOWER(Raw_from_worldbank!H11),"k",""))*1000, NA())) -> 2
A8: =VLOOKUP(LOWER(B8),[1]country_name_iso_mapping!$A:$C,3, FALSE) -> ARG | B8: Argentina | C8: Argentina | D8: =IF(ISNUMBER(Raw_from_worldbank!B12),Raw_from_worldbank!B12, IF(ISNUMBER(SEARCH("k",Raw_from_worldbank!B12)), VALUE(SUBSTITUTE(LOWER(Raw_from_worldbank!B12),"k",""))*1000, NA())) -> 42.5 | E8: =IF(ISNUMBER(Raw_from_worldbank!C12),Raw_from_worldbank!C12, IF(ISNUMBER(SEARCH("k",Raw_from_worldbank!C12)), VALUE(SUBSTITUTE(LOWER(Raw_from_worldbank!C12),"k",""))*1000, NA())) -> 67.3 | F8: =IF(ISNUMBER(Raw_from_worldbank!D12),Raw_from_worldbank!D12, IF(ISNUMBER(SEARCH("k",Raw_from_worldbank!D12)), VALUE(SUBSTITUTE(LOWER(Raw_from_worldbank!D12),"k",""))*1000, NA())) -> 154 | G8: =IF(ISNUMBER(Raw_from_worldbank!E12),Raw_from_worldbank!E12, IF(ISNUMBER(SEARCH("k",Raw_from_worldbank!E12)), VALUE(SUBSTITUTE(LOWER(Raw_from_worldbank!E12),"k",""))*1000, NA())) -> 528.7 | H8: =IF(ISNUMBER(Raw_from_worldbank!F12),Raw_from_worldbank!F12, IF(ISNUMBER(SEARCH("k",Raw_from_worldbank!F12)), VALUE(SUBSTITUTE(LOWER(Raw_from_worldbank!F12),"k",""))*1000, NA())) -> 826.5 | I8: =IF(ISNUMBER(Raw_from_worldbank!G12),Raw_from_worldbank!G12, IF(ISNUMBER(SEARCH("k",Raw_from_worldbank!G12)), VALUE(SUBSTITUTE(LOWER(Raw_from_worldbank!G12),"k",""))*1000, NA())) -> 1100 | J8: =IF(ISNUMBER(Raw_from_worldbank!H12),Raw_from_worldbank!H12, IF(ISNUMBER(SEARCH("k",Raw_from_worldbank!H12)), VALUE(SUBSTITUTE(LOWER(Raw_from_worldbank!H12),"k",""))*1000, NA())) -> 1200
A9: =VLOOKUP(LOWER(B9),[1]country_name_iso_mapping!$A:$C,3, FALSE) -> ARM | B9: Armenia | C9: Armenia | D9: =IF(ISNUMBER(Raw_from_worldbank!B13),Raw_from_worldbank!B13, IF(ISNUMBER(SEARCH("k",Raw_from_worldbank!B13)), VALUE(SUBSTITUTE(LOWER(Raw_from_worldbank!B13),"k",""))*1000, NA())) -> 160 | E9: =IF(ISNUMBER(Raw_from_worldbank!C13),Raw_from_worldbank!C13, IF(ISNUMBER(SEARCH("k",Raw_from_worldbank!C13)), VALUE(SUBSTITUTE(LOWER(Raw_from_worldbank!C13),"k",""))*1000, NA())) -> 161.4 | F9: =IF(ISNUMBER(Raw_from_worldbank!D13),Raw_from_worldbank!D13, IF(ISNUMBER(SEARCH("k",Raw_from_worldbank!D13)), VALUE(SUBSTITUTE(LOWER(Raw_from_worldbank!D13),"k",""))*1000, NA())) -> 160.1 | G9: =IF(ISNUMBER(Raw_from_worldbank!E13),Raw_from_worldbank!E13, IF(ISNUMBER(SEARCH("k",Raw_from_worldbank!E13)), VALUE(SUBSTITUTE(LOWER(Raw_from_worldbank!E13),"k",""))*1000, NA())) -> 162.6 | H9: =IF(ISNUMBER(Raw_from_worldbank!F13),Raw_from_worldbank!F13, IF(ISNUMBER(SEARCH("k",Raw_from_worldbank!F13)), VALUE(SUBSTITUTE(LOWER(Raw_from_worldbank!F13),"k",""))*1000, NA())) -> 166.2 | I9: =IF(ISNUMBER(Raw_from_worldbank!G13),Raw_from_worldbank!G13, IF(ISNUMBER(SEARCH("k",Raw_from_worldbank!G13)), VALUE(SUBSTITUTE(LOWER(Raw_from_worldbank!G13),"k",""))*1000, NA())) -> 169.5 | J9: =IF(ISNUMBER(Raw_from_worldbank!H13),Raw_from_worldbank!H13, IF(ISNUMBER(SEARCH("k",Raw_from_worldbank!H13)), VALUE(SUBSTITUTE(LOWER(Raw_from_worldbank!H13),"k",""))*1000, NA())) -> 172.9
A10: =VLOOKUP(LOWER(B10),[1]country_name_iso_mapping!$A:$C,3, FALSE) -> ABW | B10: Aruba | C10: Aruba | D10: =IF(ISNUMBER(Raw_from_worldbank!B14),Raw_from_worldbank!B14, IF(ISNUMBER(SEARCH("k",Raw_from_worldbank!B14)), VALUE(SUBSTITUTE(LOWER(Raw_from_worldbank!B14),"k",""))*1000, NA())) -> 1.3 | E10: =IF(ISNUMBER(Raw_from_worldbank!C14),Raw_from_worldbank!C14, IF(ISNUMBER(SEARCH("k",Raw_from_worldbank!C14)), VALUE(SUBSTITUTE(LOWER(Raw_from_worldbank!C14),"k",""))*1000, NA())) -> 1.2 | F10: =IF(ISNUMBER(Raw_from_worldbank!D14),Raw_from_worldbank!D14, IF(ISNUMBER(SEARCH("k",Raw_from_worldbank!D14)), VALUE(SUBSTITUTE(LOWER(Raw_from_worldbank!D14),"k",""))*1000, NA())) -> 1.2 | G10: =IF(ISNUMBER(Raw_from_worldbank!E14),Raw_from_worldbank!E14, IF(ISNUMBER(SEARCH("k",Raw_from_worldbank!E14)), VALUE(SUBSTITUTE(LOWER(Raw_from_worldbank!E14),"k",""))*1000, NA())) -> 1.2 | H10: =IF(ISNUMBER(Raw_from_worldbank!F14),Raw_from_worldbank!F14, IF(ISNUMBER(SEARCH("k",Raw_from_worldbank!F14)), VALUE(SUBSTITUTE(LOWER(Raw_from_worldbank!F14),"k",""))*1000, NA())) -> 1.2 | I10: =IF(ISNUMBER(Raw_from_worldbank!G14),Raw_from_worldbank!G14, IF(ISNUMBER(SEARCH("k",Raw_from_worldbank!G14)), VALUE(SUBSTITUTE(LOWER(Raw_from_worldbank!G14),"k",""))*1000, NA())) -> 1.2 | J10: =IF(ISNUMBER(Raw_from_worldbank!H14),Raw_from_worldbank!H14, IF(ISNUMBER(SEARCH("k",Raw_from_worldbank!H14)), VALUE(SUBSTITUTE(LOWER(Raw_from_worldbank!H14),"k",""))*1000, NA())) -> 1.2
A11: =VLOOKUP(LOWER(B11),[1]country_name_iso_mapping!$A:$C,3, FALSE) -> AUS | B11: Australia | C11: Australia | D11: =IF(ISNUMBER(Raw_from_worldbank!B15),Raw_from_worldbank!B15, IF(ISNUMBER(SEARCH("k",Raw_from_worldbank!B15)), VALUE(SUBSTITUTE(LOWER(Raw_from_worldbank!B15),"k",""))*1000, NA())) -> 1.5 | E11: =IF(ISNUMBER(Raw_from_worldbank!C15),Raw_from_worldbank!C15, IF(ISNUMBER(SEARCH("k",Raw_from_worldbank!C15)), VALUE(SUBSTITUTE(LOWER(Raw_from_worldbank!C15),"k",""))*1000, NA())) -> 1.5 | F11: =IF(ISNUMBER(Raw_from_worldbank!D15),Raw_from_worldbank!D15, IF(ISNUMBER(SEARCH("k",Raw_from_worldbank!D15)), VALUE(SUBSTITUTE(LOWER(Raw_from_worldbank!D15),"k",""))*1000, NA())) -> 1.5 | G11: =IF(ISNUMBER(Raw_from_worldbank!E15),Raw_from_worldbank!E15, IF(ISNUMBER(SEARCH("k",Raw_from_worldbank!E15)), VALUE(SUBSTITUTE(LOWER(Raw_from_worldbank!E15),"k",""))*1000, NA())) -> 1.5 | H11: =IF(ISNUMBER(Raw_from_worldbank!F15),Raw_from_worldbank!F15, IF(ISNUMBER(SEARCH("k",Raw_from_worldbank!F15)), VALUE(SUBSTITUTE(LOWER(Raw_from_worldbank!F15),"k",""))*1000, NA())) -> 1.6 | I11: =IF(ISNUMBER(Raw_from_worldbank!G15),Raw_from_worldbank!G15, IF(ISNUMBER(SEARCH("k",Raw_from_worldbank!G15)), VALUE(SUBSTITUTE(LOWER(Raw_from_worldbank!G15),"k",""))*1000, NA())) -> 1.6 | J11: =IF(ISNUMBER(Raw_from_worldbank!H15),Raw_from_worldbank!H15, IF(ISNUMBER(SEARCH("k",Raw_from_worldbank!H15)), VALUE(SUBSTITUTE(LOWER(Raw_from_worldbank!H15),"k",""))*1000, NA())) -> 1.6
A12: =VLOOKUP(LOWER(B12),[1]country_name_iso_mapping!$A:$C,3, FALSE) -> AUT | B12: Austria | C12: Austria | D12: =IF(ISNUMBER(Raw_from_worldbank!B16),Raw_from_worldbank!B16, IF(ISNUMBER(SEARCH("k",Raw_from_worldbank!B16)), VALUE(SUBSTITUTE(LOWER(Raw_from_worldbank!B16),"k",""))*1000, NA())) -> 0.76 | E12: =IF(ISNUMBER(Raw_from_worldbank!C16),Raw_from_worldbank!C16, IF(ISNUMBER(SEARCH("k",Raw_from_worldbank!C16)), VALUE(SUBSTITUTE(LOWER(Raw_from_worldbank!C16),"k",""))*1000, NA())) -> 0.75 | F12: =IF(ISNUMBER(Raw_from_worldbank!D16),Raw_from_worldbank!D16, IF(ISNUMBER(SEARCH("k",Raw_from_worldbank!D16)), VALUE(SUBSTITUTE(LOWER(Raw_from_worldbank!D16),"k",""))*1000, NA())) -> 0.78 | G12: =IF(ISNUMBER(Raw_from_worldbank!E16),Raw_from_worldbank!E16, IF(ISNUMBER(SEARCH("k",Raw_from_worldbank!E16)), VALUE(SUBSTITUTE(LOWER(Raw_from_worldbank!E16),"k",""))*1000, NA())) -> 0.79 | H12: =IF(ISNUMBER(Raw_from_worldbank!F16),Raw_from_worldbank!F16, IF(ISNUMBER(SEARCH("k",Raw_from_worldbank!F16)), VALUE(SUBSTITUTE(LOWER(Raw_from_worldbank!F16),"k",""))*1000, NA())) -> 0.8 | I12: =IF(ISNUMBER(Raw_from_worldbank!G16),Raw_from_worldbank!G16, IF(ISNUMBER(SEARCH("k",Raw_from_worldbank!G16)), VALUE(SUBSTITUTE(LOWER(Raw_from_worldbank!G16),"k",""))*1000, NA())) -> 0.8 | J12: =IF(ISNUMBER(Raw_from_worldbank!H16),Raw_from_worldbank!H16, IF(ISNUMBER(SEARCH("k",Raw_from_worldbank!H16)), VALUE(SUBSTITUTE(LOWER(Raw_from_worldbank!H16),"k",""))*1000, NA())) -> 0.8
A13: =VLOOKUP(LOWER(B13),[1]country_name_iso_mapping!$A:$C,3, FALSE) -> AZE | B13: Azerbaijan | C13: Azerbaijan | D13: =IF(ISNUMBER(Raw_from_worldbank!B17),Raw_from_worldbank!B17, IF(ISNUMBER(SEARCH("k",Raw_from_worldbank!B17)), VALUE(SUBSTITUTE(LOWER(Raw_from_worldbank!B17),"k",""))*1000, NA())) -> 0.58 | E13: =IF(ISNUMBER(Raw_from_worldbank!C17),Raw_from_worldbank!C17, IF(ISNUMBER(SEARCH("k",Raw_from_worldbank!C17)), VALUE(SUBSTITUTE(LOWER(Raw_from_worldbank!C17),"k",""))*1000, NA())) -> 0.74 | F13: =IF(ISNUMBER(Raw_from_worldbank!D17),Raw_from_worldbank!D17, IF(ISNUMBER(SEARCH("k",Raw_from_worldbank!D17)), VALUE(SUBSTITUTE(LOWER(Raw_from_worldbank!D17),"k",""))*1000, NA())) -> 0.69 | G13: =IF(ISNUMBER(Raw_from_worldbank!E17),Raw_from_worldbank!E17, IF(ISNUMBER(SEARCH("k",Raw_from_worldbank!E17)), VALUE(SUBSTITUTE(LOWER(Raw_from_worldbank!E17),"k",""))*1000, NA())) -> 0.67 | H13: =IF(ISNUMBER(Raw_from_worldbank!F17),Raw_from_worldbank!F17, IF(ISNUMBER(SEARCH("k",Raw_from_worldbank!F17)), VALUE(SUBSTITUTE(LOWER(Raw_from_worldbank!F17),"k",""))*1000, NA())) -> 0.67 | I13: =IF(ISNUMBER(Raw_from_worldbank!G17),Raw_from_worldbank!G17, IF(ISNUMBER(SEARCH("k",Raw_from_worldbank!G17)), VALUE(SUBSTITUTE(LOWER(Raw_from_worldbank!G17),"k",""))*1000, NA())) -> 0.67 | J13: =IF(ISNUMBER(Raw_from_worldbank!H17),Raw_from_worldbank!H17, IF(ISNUMBER(SEARCH("k",Raw_from_worldbank!H17)), VALUE(SUBSTITUTE(LOWER(Raw_from_worldbank!H17),"k",""))*1000, NA())) -> 0.67
... A197: =VLOOKUP(LOWER(B197),[1]country_name_iso_mapping!$A:$C,3, FALSE) -> ZWE | B197: Zimbabwe | C197: Zimbabwe | D197: =IF(ISNUMBER(Raw_from_worldbank!B201),Raw_from_worldbank!B201, IF(ISNUMBER(SEARCH("k",Raw_from_worldbank!B201)), VALUE(SUBSTITUTE(LOWER(Raw_from_worldbank!B201),"k",""))*1000, NA())) -> 85.5 | E197: =IF(ISNUMBER(Raw_from_worldbank!C201),Raw_from_worldbank!C201, IF(ISNUMBER(SEARCH("k",Raw_from_worldbank!C201)), VALUE(SUBSTITUTE(LOWER(Raw_from_worldbank!C201),"k",""))*1000, NA())) -> 291.4 | F197: =IF(ISNUMBER(Raw_from_worldbank!D201),Raw_from_worldbank!D201, IF(ISNUMBER(SEARCH("k",Raw_from_worldbank!D201)), VALUE(SUBSTITUTE(LOWER(Raw_from_worldbank!D201),"k",""))*1000, NA())) -> 2600 | G197: =IF(ISNUMBER(Raw_from_worldbank!E201),Raw_from_worldbank!E201, IF(ISNUMBER(SEARCH("k",Raw_from_worldbank!E201)), VALUE(SUBSTITUTE(LOWER(Raw_from_worldbank!E201),"k",""))*1000, NA())) -> 16600 | H197: =IF(ISNUMBER(Raw_from_worldbank!F201),Raw_from_worldbank!F201, IF(ISNUMBER(SEARCH("k",Raw_from_worldbank!F201)), VALUE(SUBSTITUTE(LOWER(Raw_from_worldbank!F201),"k",""))*1000, NA())) -> 106500 | I197: =IF(ISNUMBER(Raw_from_worldbank!G201),Raw_from_worldbank!G201, IF(ISNUMBER(SEARCH("k",Raw_from_worldbank!G201)), VALUE(SUBSTITUTE(LOWER(Raw_from_worldbank!G201),"k",""))*1000, NA())) -> 639300 | J197: =IF(ISNUMBER(Raw_from_worldbank!H201),Raw_from_worldbank!H201, IF(ISNUMBER(SEARCH("k",Raw_from_worldbank!H201)), VALUE(SUBSTITUTE(LOWER(Raw_from_worldbank!H201),"k",""))*1000, NA())) -> #N/A

Sheet Raw_from_worldbank
A1: Implied PPP conversion rate, National currency per current international dollar
A2: 2021-2027, Domestic currency per PPP dollars
A5: Economy | B5: Value (2021) | C5: Value (2022) | D5: Value (2023) | E5: Value (2024) | F5: Value (2025) | G5: Value (2026) | H5: Value (2027)
A6: Afghanistan | B6: 17.3 | C6: 17.7 | D6: -- | E6: -- | F6: -- | G6: -- | H6: --
A7: Albania | B7: 40 | C7: 41.1 | D7: 41.4 | E7: 41.8 | F7: 42.3 | G7: 42.7 | H7: 43.2
A8: Algeria | B8: 41.7 | C8: 47.9 | D8: 46 | E8: 47.8 | F8: 49.8 | G8: 51.8 | H8: 53.6
A9: Andorra | B9: 0.61 | C9: 0.59 | D9: 0.6 | E9: 0.6 | F9: 0.61 | G9: 0.6 | H9: 0.6
A10: Angola | B10: 210.4 | C10: 229.1 | D10: 250.7 | E10: 304.5 | F10: 332.3 | G10: 347.1 | H10: 362.5
A11: Antigua and Barbuda | B11: 2.1 | C11: 2 | D11: 2 | E11: 2 | F11: 2 | G11: 2 | H11: 2
A12: Argentina | B12: 42.5 | C12: 67.3 | D12: 154 | E12: 528.7 | F12: 826.5 | G12: 1.1k | H12: 1.2k
A13: Armenia | B13: 160 | C13: 161.4 | D13: 160.1 | E13: 162.6 | F13: 166.2 | G13: 169.5 | H13: 172.9
A14: Aruba | B14: 1.3 | C14: 1.2 | D14: 1.2 | E14: 1.2 | F14: 1.2 | G14: 1.2 | H14: 1.2
A15: Australia | B15: 1.5 | C15: 1.5 | D15: 1.5 | E15: 1.5 | F15: 1.6 | G15: 1.6 | H15: 1.6
A16: Austria | B16: 0.76 | C16: 0.75 | D16: 0.78 | E16: 0.79 | F16: 0.8 | G16: 0.8 | H16: 0.8
A17: Azerbaijan | B17: 0.58 | C17: 0.74 | D17: 0.69 | E17: 0.67 | F17: 0.67 | G17: 0.67 | H17: 0.67
A18: Bahamas, The | B18: 0.84 | C18: 0.77 | D18: 0.76 | E18: 0.76 | F18: 0.76 | G18: 0.76 | H18: 0.76
A19: Bahrain | B19: 0.18 | C19: 0.18 | D19: 0.17 | E19: 0.17 | F19: 0.17 | G19: 0.17 | H19: 0.17
A20: Bangladesh | B20: 31.9 | C20: 31.3 | D20: 32 | E20: 32.9 | F20: 34.1 | G20: 35.4 | H20: 36.7
A21: Barbados | B21: 2.3 | C21: 2.2 | D21: 2.3 | E21: 2.3 | F21: 2.3 | G21: 2.3 | H21: 2.4
A22: Belarus | B22: 0.85 | C22: 0.92 | D22: 0.97 | E22: 0.97 | F22: 1 | G22: 1.1 | H22: 1.1
A23: Belgium | B23: 0.76 | C23: 0.75 | D23: 0.75 | E23: 0.76 | F23: 0.76 | G23: 0.76 | H23: 0.76
A24: Belize | B24: 1.2 | C24: 1.3 | D24: 1.3 | E24: 1.3 | F24: 1.3 | G24: 1.3 | H24: 1.3
... A33: Burkina Faso | B33: 205.6 | C33: 203.9 | D33: 199.5 | E33: 199.1 | F33: 199.9 | G33: 200.4 | H33: 200.9
A34: Burundi | B34: 669.1 | C34: 739.7 | D34: 950 | E34: 1.1k | F34: 1.3k | G34: 1.5k | H34: 1.6k
A35: Cabo Verde | B35: 45.2 | C35: 45.5 | D35: 45.8 | E35: 45.7 | F35: 45.8 | G35: 45.8 | H35: 45.9
A36: Cambodia | B36: 1.4k | C36: 1.4k | D36: 1.4k | E36: 1.4k | F36: 1.4k | G36: 1.4k | H36: 1.4k
A37: Cameroon | B37: 226.1 | C37: 224.6 | D37: 223.4 | E37: 225.3 | F37: 229.8 | G37: 232 | H37: 233.4
A38: Canada | B38: 1.2 | C38: 1.2 | D38: 1.2 | E38: 1.2 | F38: 1.2 | G38: 1.2 | H38: 1.2
A39: Central African Republic | B39: 284.2 | C39: 282.4 | D39: 281.9 | E39: 291.6 | F39: 299.4 | G39: 305 | H39: 308.8
A40: Chad | B40: 231.6 | C40: 241.2 | D40: 231.5 | E40: 232.7 | F40: 232.4 | G40: 234.7 | H40: 237.5
A41: Chile | B41: 455.9 | C41: 459.6 | D41: 472.7 | E41: 475.3 | F41: 481 | G41: 486.2 | H41: 491.4
A42: China | B42: 4.2 | C42: 4 | D42: 3.8 | E42: 3.8 | F42: 3.8 | G42: 3.8 | H42: 3.8
A43: Colombia | B43: 1.4k | C43: 1.5k | D43: 1.6k | E43: 1.6k | F43: 1.6k | G43: 1.7k | H43: 1.7k
A44: Comoros | B44: 181.2 | C44: 178.2 | D44: 177 | E44: 176.3 | F44: 176.9 | G44: 177.2 | H44: 177.4
A45: Congo, Dem. Rep. | B45: 992.7 | C45: 974.3 | D45: 1.1k | E45: 1.3k | F45: 1.3k | G45: 1.4k | H45: 1.5k
A46: Congo, Rep. | B46: 311.6 | C46: 335.1 | D46: 312.8 | E46: 311.6 | F46: 310.6 | G46: 310 | H46: 310.4
A47: Costa Rica | B47: 344.2 | C47: 341.8 | D47: 329.4 | E47: 325.7 | F47: 330.3 | G47: 334.5 | H47: 338.8
A48: Cote d'Ivoire | B48: 252.7 | C48: 245.4 | D48: 241.1 | E48: 241 | F48: 241.5 | G48: 241.8 | H48: 242.1
A49: Croatia | B49: 0.43 | C49: 0.44 | D49: 0.46 | E49: 0.47 | F49: 0.47 | G49: 0.47 | H49: 0.47
A50: Cyprus | B50: 0.58 | C50: 0.57 | D50: 0.58 | E50: 0.59 | F50: 0.59 | G50: 0.59 | H50: 0.6
A51: Czechia | B51: 12.9 | C51: 13.1 | D51: 13.8 | E51: 13.8 | F51: 13.9 | G51: 13.9 | H51: 13.9
A52: Denmark | B52: 6.7 | C52: 6.8 | D52: 6.3 | E52: 6.1 | F52: 6.1 | G52: 6.2 | H52: 6.2
A53: Djibouti | B53: 100.7 | C53: 99.6 | D53: 97 | E53: 96.5 | F53: 96.6 | G53: 97.3 | H53: 97.5
A54: Dominica | B54: 1.7 | C54: 1.7 | D54: 1.7 | E54: 1.7 | F54: 1.7 | G54: 1.7 | H54: 1.7
A55: Dominican Republic | B55: 23.6 | C55: 24.4 | D55: 24.7 | E55: 25.1 | F55: 25.7 | G55: 26.2 | H55: 26.8
A56: Ecuador | B56: 0.49 | C56: 0.47 | D56: 0.46 | E56: 0.45 | F56: 0.45 | G56: 0.45 | H56: 0.45
A57: Egypt, Arab Rep. | B57: 4.5 | C57: 4.7 | D57: 5.6 | E57: 7.3 | F57: 9.2 | G57: 10.1 | H57: 11
... A59: Equatorial Guinea | B59: 258 | C59: 251.9 | D59: 219.6 | E59: 222.9 | F59: 231.1 | G59: 238.7 | H59: 241.5
A60: Eritrea | B60: -- | C60: -- | D60: -- | E60: -- | F60: -- | G60: -- | H60: --
A61: Estonia | B61: 0.55 | C61: 0.6 | D61: 0.62 | E61: 0.66 | F61: 0.66 | G61: 0.67 | H61: 0.68
A62: Eswatini | B62: 6 | C62: 6.1 | D62: 6.4 | E62: 6.6 | F62: 6.7 | G62: 6.8 | H62: 6.9
A63: Ethiopia | B63: 13.8 | C63: 17.2 | D63: 22 | E63: 27.5 | F63: 32.7 | G63: 37.3 | H63: 41.8
A64: Fiji | B64: 0.84 | C64: 0.81 | D64: 0.81 | E64: 0.83 | F64: 0.84 | G64: 0.85 | H64: 0.86
A65: Finland | B65: 0.84 | C65: 0.83 | D65: 0.84 | E65: 0.84 | F65: 0.84 | G65: 0.84 | H65: 0.84
A66: France | B66: 0.74 | C66: 0.71 | D66: 0.72 | E66: 0.73 | F66: 0.73 | G66: 0.73 | H66: 0.73
A67: Gabon | B67: 314.5 | C67: 333.7 | D67: 298.7 | E67: 291.1 | F67: 281 | G67: 273.3 | H67: 266.8
A68: Gambia, The | B68: 17.3 | C68: 17.9 | D68: 19.7 | E68: 21.4 | F68: 22.5 | G68: 23.2 | H68: 23.7
A69: Georgia | B69: 0.93 | C69: 0.94 | D69: 0.92 | E69: 0.94 | F69: 0.97 | G69: 0.99 | H69: 1
A70: Germany | B70: 0.73 | C70: 0.72 | D70: 0.74 | E70: 0.75 | F70: 0.76 | G70: 0.76 | H70: 0.76
A71: Ghana | B71: 2.4 | C71: 2.8 | D71: 3.7 | E71: 4.4 | F71: 4.7 | G71: 5 | H71: 5.3
A72: Greece | B72: 0.53 | C72: 0.53 | D72: 0.54 | E72: 0.54 | F72: 0.54 | G72: 0.55 | H72: 0.55
... A74: Guatemala | B74: 4 | C74: 3.9 | D74: 4 | E74: 4 | F74: 4.1 | G74: 4.2 | H74: 4.2
A75: Guinea | B75: 4.0k | C75: 3.8k | D75: 4.0k | E75: 4.4k | F75: 4.7k | G75: 5.0k | H75: 5.4k
A76: Guinea-Bissau | B76: 193.4 | C76: 193.8 | D76: 200.5 | E76: 201.8 | F76: 203.9 | G76: 205.7 | H76: 207.6
A77: Guyana | B77: 82.2 | C77: 89.7 | D77: 76.4 | E77: 69.2 | F77: 64 | G77: 61.4 | H77: 51.5
A78: Haiti | B78: 46.9 | C78: 56.9 | D78: 79.3 | E78: 94.5 | F78: 102 | G78: 107.9 | H78: 113.8
A79: Honduras | B79: 10.8 | C79: 11.1 | D79: 11.4 | E79: 11.6 | F79: 12 | G79: 12.2 | H79: 12.5
A80: Hong Kong SAR, China | B80: 5.8 | C80: 5.6 | D80: 5.5 | E80: 5.6 | F80: 5.6 | G80: 5.6 | H80: 5.7
A81: Hungary | B81: 151.7 | C81: 162.3 | D81: 179.4 | E81: 180.7 | F81: 185.5 | G81: 187.7 | H81: 189.7
A82: Iceland | B82: 147.6 | C82: 150.1 | D82: 153.3 | E82: 156.6 | F82: 158.9 | G82: 161.1 | H82: 163.5
A83: India | B83: 22.6 | C83: 22.6 | D83: 22.2 | E83: 22.4 | F83: 22.9 | G83: 23.4 | H83: 23.9
A84: Indonesia | B84: 4.7k | C84: 4.9k | D84: 4.8k | E84: 4.8k | F84: 4.8k | G84: 4.8k | H84: 4.9k
A85: Iran, Islamic Rep. | B85: 45.9k | C85: 64.6k | D85: 87.5k | E85: 115.7k | F85: 149.5k | G85: 186.1k | H85: 228.0k
A86: Iraq | B86: 679.5 | C86: 751.5 | D86: 654.8 | E86: 651.1 | F86: 637.1 | G86: 631.4 | H86: 629.9
A87: Ireland | B87: 0.74 | C87: 0.74 | D87: 0.74 | E87: 0.73 | F87: 0.74 | G87: 0.74 | H87: 0.74
A88: Israel | B88: 3.6 | C88: 3.5 | D88: 3.5 | E88: 3.5 | F88: 3.6 | G88: 3.6 | H88: 3.6
A89: Italy | B89: 0.65 | C89: 0.63 | D89: 0.64 | E89: 0.65 | F89: 0.65 | G89: 0.65 | H89: 0.65
A90: Jamaica | B90: 73.8 | C90: 77.8 | D90: 82 | E90: 84.4 | F90: 86.9 | G90: 89.3 | H90: 91.8
A91: Japan | B91: 96.9 | C91: 90.9 | D91: 91 | E91: 90.8 | F91: 91.3 | G91: 91.6 | H91: 91.7
A92: Jordan | B92: 0.28 | C92: 0.27 | D92: 0.27 | E92: 0.27 | F92: 0.27 | G92: 0.27 | H92: 0.27
A93: Kazakhstan | B93: 154 | C93: 172.1 | D93: 181.6 | E93: 196.2 | F93: 206.4 | G93: 215.7 | H93: 225.7
A94: Kenya | B94: 43.4 | C94: 43 | D94: 44.5 | E94: 46.4 | F94: 48.2 | G94: 49.8 | H94: 51.3
A95: Kiribati | B95: 1.1 | C95: 0.99 | D95: 0.99 | E95: 1 | F95: 1 | G95: 1 | H95: 1
A96: Korea, Rep. | B96: 822.5 | C96: 778.2 | D96: 766.3 | E96: 765.8 | F96: 769.3 | G96: 771.2 | H96: 772.3
A97: Kosovo | B97: 0.34 | C97: 0.34 | D97: 0.35 | E97: 0.35 | F97: 0.36 | G97: 0.36 | H97: 0.36
... A99: Kyrgyz Republic | B99: 21.4 | C99: 23.3 | D99: 25.1 | E99: 26.2 | F99: 27.4 | G99: 28.4 | H99: 29.2
A100: Lao PDR | B100: 2.9k | C100: 3.2k | D100: 3.8k | E100: 4.3k | F100: 4.9k | G100: 5.1k | H100: 5.1k
A101: Latvia | B101: 0.5 | C101: 0.53 | D101: 0.54 | E101: 0.54 | F101: 0.55 | G101: 0.55 | H101: 0.56
A102: Lebanon | B102: 2.8k | C102: 7.0k | D102: -- | E102: -- | F102: -- | G102: -- | H102: --
A103: Lesotho | B103: 6.2 | C103: 6.3 | D103: 6.4 | E103: 6.6 | F103: 6.8 | G103: 7 | H103: 7.2
A104: Liberia | B104: 0.44 | C104: 0.44 | D104: 0.45 | E104: 0.45 | F104: 0.45 | G104: 0.45 | H104: 0.44
A105: Libya | B105: 1.1 | C105: 1.4 | D105: 1.3 | E105: 1.3 | F105: 1.2 | G105: 1.2 | H105: 1.2
A106: Lithuania | B106: 0.46 | C106: 0.5 | D106: 0.52 | E106: 0.52 | F106: 0.52 | G106: 0.53 | H106: 0.53
A107: Luxembourg | B107: 0.86 | C107: 0.85 | D107: 0.85 | E107: 0.85 | F107: 0.86 | G107: 0.86 | H107: 0.86
A108: Macao SAR, China | B108: 4.9 | C108: 4.6 | D108: 4.8 | E108: 4.7 | F108: 4.7 | G108: 4.7 | H108: 4.7
A109: Madagascar | B109: 1.2k | C109: 1.2k | D109: 1.2k | E109: 1.3k | F109: 1.3k | G109: 1.4k | H109: 1.4k
A110: Malawi | B110: 299.6 | C110: 328 | D110: 407.1 | E110: 497.7 | F110: 556 | G110: 587.5 | H110: 613.4
A111: Malaysia | B111: 1.6 | C111: 1.6 | D111: 1.6 | E111: 1.6 | F111: 1.6 | G111: 1.6 | H111: 1.6
A112: Maldives | B112: 7.8 | C112: 7.4 | D112: 7.3 | E112: 7.3 | F112: 7.4 | G112: 7.4 | H112: 7.4
A113: Mali | B113: 214.2 | C113: 205.5 | D113: 204.3 | E113: 201.4 | F113: 201.9 | G113: 202.1 | H113: 202.4
...
