Workbook

Sheet LCUperUSD
A1: Country Name | B1: Country Code | C1: lcu_per_usd_clean | D1: data year
A2: Aruba | B2: ABW | C2: {=ROUND(_xlfn.LET( _xlpm.r, INDEX('Raw_from_worldbank_PA.NUS.FCRF'!$C$2:$BR$272, MATCH(B2,'Raw_from_worldbank_PA.NUS.FCRF'!$B$2:$B$272,0),0), LOOKUP(2,1/(_xlpm.r<>""),_xlpm.r) ),2)} -> 1.79 | D2: {=_xlfn.LET( _xlpm.r, INDEX('Raw_from_worldbank_PA.NUS.FCRF'!$C$2:$BR$272, MATCH(B2,'Raw_from_worldbank_PA.NUS.FCRF'!$B$2:$B$272,0),0), _xlpm.yrs, 'Raw_from_worldbank_PA.NUS.FCRF'!$C$1:$BR$1, LOOKUP(2,1/(_xlpm.r<>""),_xlpm.yrs) )} -> 2024
A3: Afghanistan | B3: AFG | C3: {=ROUND(_xlfn.LET( _xlpm.r, INDEX('Raw_from_worldbank_PA.NUS.FCRF'!$C$2:$BR$272, MATCH(B3,'Raw_from_worldbank_PA.NUS.FCRF'!$B$2:$B$272,0),0), LOOKUP(2,1/(_xlpm.r<>""),_xlpm.r) ),2)} -> 76.81 | D3: {=_xlfn.LET( _xlpm.r, INDEX('Raw_from_worldbank_PA.NUS.FCRF'!$C$2:$BR$272, MATCH(B3,'Raw_from_worldbank_PA.NUS.FCRF'!$B$2:$B$272,0),0), _xlpm.yrs, 'Raw_from_worldbank_PA.NUS.FCRF'!$C$1:$BR$1, LOOKUP(2,1/(_xlpm.r<>""),_xlpm.yrs) )} -> 2020
A4: Angola | B4: AGO | C4: {=ROUND(_xlfn.LET( _xlpm.r, INDEX('Raw_from_worldbank_PA.NUS.FCRF'!$C$2:$BR$272, MATCH(B4,'Raw_from_worldbank_PA.NUS.FCRF'!$B$2:$B$272,0),0), LOOKUP(2,1/(_xlpm.r<>""),_xlpm.r) ),2)} -> 869.85 | D4: {=_xlfn.LET( _xlpm.r, INDEX('Raw_from_worldbank_PA.NUS.FCRF'!$C$2:$BR$272, MATCH(B4,'Raw_from_worldbank_PA.NUS.FCRF'!$B$2:$B$272,0),0), _xlpm.yrs, 'Raw_from_worldbank_PA.NUS.FCRF'!$C$1:$BR$1, LOOKUP(2,1/(_xlpm.r<>""),_xlpm.yrs) )} -> 2024
A5: Albania | B5: ALB | C5: {=ROUND(_xlfn.LET( _xlpm.r, INDEX('Raw_from_worldbank_PA.NUS.FCRF'!$C$2:$BR$272, MATCH(B5,'Raw_from_worldbank_PA.NUS.FCRF'!$B$2:$B$272,0),0), LOOKUP(2,1/(_xlpm.r<>""),_xlpm.r) ),2)} -> 93.12 | D5: {=_xlfn.LET( _xlpm.r, INDEX('Raw_from_worldbank_PA.NUS.FCRF'!$C$2:$BR$272, MATCH(B5,'Raw_from_worldbank_PA.NUS.FCRF'!$B$2:$B$272,0),0), _xlpm.yrs, 'Raw_from_worldbank_PA.NUS.FCRF'!$C$1:$BR$1, LOOKUP(2,1/(_xlpm.r<>""),_xlpm.yrs) )} -> 2024
A6: Andorra | B6: AND | C6: {=ROUND(_xlfn.LET( _xlpm.r, INDEX('Raw_from_worldbank_PA.NUS.FCRF'!$C$2:$BR$272, MATCH(B6,'Raw_from_worldbank_PA.NUS.FCRF'!$B$2:$B$272,0),0), LOOKUP(2,1/(_xlpm.r<>""),_xlpm.r) ),2)} -> 0.92 | D6: {=_xlfn.LET( _xlpm.r, INDEX('Raw_from_worldbank_PA.NUS.FCRF'!$C$2:$BR$272, MATCH(B6,'Raw_from_worldbank_PA.NUS.FCRF'!$B$2:$B$272,0),0), _xlpm.yrs, 'Raw_from_worldbank_PA.NUS.FCRF'!$C$1:$BR$1, LOOKUP(2,1/(_xlpm.r<>""),_xlpm.yrs) )} -> 2024
A7: United Arab Emirates | B7: ARE | C7: {=ROUND(_xlfn.LET( _xlpm.r, INDEX('Raw_from_worldbank_PA.NUS.FCRF'!$C$2:$BR$272, MATCH(B7,'Raw_from_worldbank_PA.NUS.FCRF'!$B$2:$B$272,0),0), LOOKUP(2,1/(_xlpm.r<>""),_xlpm.r) ),2)} -> 3.67 | D7: {=_xlfn.LET( _xlpm.r, INDEX('Raw_from_worldbank_PA.NUS.FCRF'!$C$2:$BR$272, MATCH(B7,'Raw_from_worldbank_PA.NUS.FCRF'!$B$2:$B$272,0),0), _xlpm.yrs, 'Raw_from_worldbank_PA.NUS.FCRF'!$C$1:$BR$1, LOOKUP(2,1/(_xlpm.r<>""),_xlpm.yrs) )} -> 2024
A8: Argentina | B8: ARG | C8: {=ROUND(_xlfn.LET( _xlpm.r, INDEX('Raw_from_worldbank_PA.NUS.FCRF'!$C$2:$BR$272, MATCH(B8,'Raw_from_worldbank_PA.NUS.FCRF'!$B$2:$B$272,0),0), LOOKUP(2,1/(_xlpm.r<>""),_xlpm.r) ),2)} -> 914.69 | D8: {=_xlfn.LET( _xlpm.r, INDEX('Raw_from_worldbank_PA.NUS.FCRF'!$C$2:$BR$272, MATCH(B8,'Raw_from_worldbank_PA.NUS.FCRF'!$B$2:$B$272,0),0), _xlpm.yrs, 'Raw_from_worldbank_PA.NUS.FCRF'!$C$1:$BR$1, LOOKUP(2,1/(_xlpm.r<>""),_xlpm.yrs) )} -> 2024
A9: Armenia | B9: ARM | C9: {=ROUND(_xlfn.LET( _xlpm.r, INDEX('Raw_from_worldbank_PA.NUS.FCRF'!$C$2:$BR$272, MATCH(B9,'Raw_from_worldbank_PA.NUS.FCRF'!$B$2:$B$272,0),0), LOOKUP(2,1/(_xlpm.r<>""),_xlpm.r) ),2)} -> 392.73 | D9: {=_xlfn.LET( _xlpm.r, INDEX('Raw_from_worldbank_PA.NUS.FCRF'!$C$2:$BR$272, MATCH(B9,'Raw_from_worldbank_PA.NUS.FCRF'!$B$2:$B$272,0),0), _xlpm.yrs, 'Raw_from_worldbank_PA.NUS.FCRF'!$C$1:$BR$1, LOOKUP(2,1/(_xlpm.r<>""),_xlpm.yrs) )} -> 2024
A10: American Samoa | B10: ASM | C10: {=ROUND(_xlfn.LET( _xlpm.r, INDEX('Raw_from_worldbank_PA.NUS.FCRF'!$C$2:$BR$272, MATCH(B10,'Raw_from_worldbank_PA.NUS.FCRF'!$B$2:$B$272,0),0), LOOKUP(2,1/(_xlpm.r<>""),_xlpm.r) ),2)} -> 1 | D10: {=_xlfn.LET( _xlpm.r, INDEX('Raw_from_worldbank_PA.NUS.FCRF'!$C$2:$BR$272, MATCH(B10,'Raw_from_worldbank_PA.NUS.FCRF'!$B$2:$B$272,0),0), _xlpm.yrs, 'Raw_from_worldbank_PA.NUS.FCRF'!$C$1:$BR$1, LOOKUP(2,1/(_xlpm.r<>""),_xlpm.yrs) )} -> 2024
A11: Antigua and Barbuda | B11: ATG | C11: {=ROUND(_xlfn.LET( _xlpm.r, INDEX('Raw_from_worldbank_PA.NUS.FCRF'!$C$2:$BR$272, MATCH(B11,'Raw_from_worldbank_PA.NUS.FCRF'!$B$2:$B$272,0),0), LOOKUP(2,1/(_xlpm.r<>""),_xlpm.r) ),2)} -> 2.7 | D11: {=_xlfn.LET( _xlpm.r, INDEX('Raw_from_worldbank_PA.NUS.FCRF'!$C$2:$BR$272, MATCH(B11,'Raw_from_worldbank_PA.NUS.FCRF'!$B$2:$B$272,0),0), _xlpm.yrs, 'Raw_from_worldbank_PA.NUS.FCRF'!$C$1:$BR$1, LOOKUP(2,1/(_xlpm.r<>""),_xlpm.yrs) )} -> 2024
A12: Australia | B12: AUS | C12: {=ROUND(_xlfn.LET( _xlpm.r, INDEX('Raw_from_worldbank_PA.NUS.FCRF'!$C$2:$BR$272, MATCH(B12,'Raw_from_worldbank_PA.NUS.FCRF'!$B$2:$B$272,0),0), LOOKUP(2,1/(_xlpm.r<>""),_xlpm.r) ),2)} -> 1.52 | D12: {=_xlfn.LET( _xlpm.r, INDEX('Raw_from_worldbank_PA.NUS.FCRF'!$C$2:$BR$272, MATCH(B12,'Raw_from_worldbank_PA.NUS.FCRF'!$B$2:$B$272,0),0), _xlpm.yrs, 'Raw_from_worldbank_PA.NUS.FCRF'!$C$1:$BR$1, LOOKUP(2,1/(_xlpm.r<>""),_xlpm.yrs) )} -> 2024
A13: Austria | B13: AUT | C13: {=ROUND(_xlfn.LET( _xlpm.r, INDEX('Raw_from_worldbank_PA.NUS.FCRF'!$C$2:$BR$272, MATCH(B13,'Raw_from_worldbank_PA.NUS.FCRF'!$B$2:$B$272,0),0), LOOKUP(2,1/(_xlpm.r<>""),_xlpm.r) ),2)} -> 0.92 | D13: {=_xlfn.LET( _xlpm.r, INDEX('Raw_from_worldbank_PA.NUS.FCRF'!$C$2:$BR$272, MATCH(B13,'Raw_from_worldbank_PA.NUS.FCRF'!$B$2:$B$272,0),0), _xlpm.yrs, 'Raw_from_worldbank_PA.NUS.FCRF'!$C$1:$BR$1, LOOKUP(2,1/(_xlpm.r<>""),_xlpm.yrs) )} -> 2024
... A216: Zimbabwe | B216: ZWE | C216: {=ROUND(_xlfn.LET( _xlpm.r, INDEX('Raw_from_worldbank_PA.NUS.FCRF'!$C$2:$BR$272, MATCH(B216,'Raw_from_worldbank_PA.NUS.FCRF'!$B$2:$B$272,0),0), LOOKUP(2,1/(_xlpm.r<>""),_xlpm.r) ),2)} -> 3266.33 | D216: {=_xlfn.LET( _xlpm.r, INDEX('Raw_from_worldbank_PA.NUS.FCRF'!$C$2:$BR$272, MATCH(B216,'Raw_from_worldbank_PA.NUS.FCRF'!$B$2:$B$272,0),0), _xlpm.yrs, 'Raw_from_worldbank_PA.NUS.FCRF'!$C$1:$BR$1, LOOKUP(2,1/(_xlpm.r<>""),_xlpm.yrs) )} -> 2024

Sheet Raw_from_worldbank_PA.NUS.FCRF
A1: Country Name | B1: Country Code | C1: Indicator Name | D1: Indicator Code | E1: 1960 | F1: 1961 | G1: 1962 | H1: 1963 | I1: 1964 | J1: 1965 | K1: 1966 | L1: 1967 | M1: 1968 | N1: 1969 | O1: 1970 | P1: 1971 | Q1: 1972 | R1: 1973 | S1: 1974 | T1: 1975 | U1: 1976 | V1: 1977 | W1: 1978 | X1: 1979 | Y1: 1980 | Z1: 1981 | AA1: 1982 | AB1: 1983 | AC1: 1984 | AD1: 1985 | AE1: 1986 | AF1: 1987 | AG1: 1988 | AH1: 1989 | AI1: 1990 | AJ1: 1991 | AK1: 1992 | AL1: 1993 | AM1: 1994 | AN1: 1995 | AO1: 1996 | AP1: 1997 | AQ1: 1998 | AR1: 1999 | AS1: 2000 | AT1: 2001 | AU1: 2002 | AV1: 2003 | AW1: 2004 | AX1: 2005 | AY1: 2006 | AZ1: 2007 | BA1: 2008 | BB1: 2009 | BC1: 2010 | BD1: 2011 | BE1: 2012 | BF1: 2013 | BG1: 2014 | BH1: 2015 | BI1: 2016 | BJ1: 2017 | BK1: 2018 | BL1: 2019 | BM1: 2020 | BN1: 2021 | BO1: 2022 | BP1: 2023 | BQ1: 2024 | BR1: 2025
A2: Aruba | B2: ABW | C2: Official exchange rate (LCU per US$, period average) | D2: PA.NUS.FCRF | AE2: 1.79 | AF2: 1.79 | AG2: 1.79 | AH2: 1.79 | AI2: 1.79 | AJ2: 1.79 | AK2: 1.79 | AL2: 1.79 | AM2: 1.79 | AN2: 1.79 | AO2: 1.79 | AP2: 1.79 | AQ2: 1.79 | AR2: 1.79 | AS2: 1.79 | AT2: 1.79 | AU2: 1.79 | AV2: 1.79 | AW2: 1.79 | AX2: 1.79 | AY2: 1.79 | AZ2: 1.79 | BA2: 1.79 | BB2: 1.79 | BC2: 1.79 | BD2: 1.79 | BE2: 1.79 | BF2: 1.79 | BG2: 1.79 | BH2: 1.79 | BI2: 1.79 | BJ2: 1.79 | BK2: 1.79 | BL2: 1.79 | BM2: 1.79 | BN2: 1.79 | BO2: 1.79 | BP2: 1.79 | BQ2: 1.79
A3: Africa Eastern and Southern | B3: AFE | C3: Official exchange rate (LCU per US$, period average) | D3: PA.NUS.FCRF
A4: Afghanistan | B4: AFG | C4: Official exchange rate (LCU per US$, period average) | D4: PA.NUS.FCRF | E4: 17.196561 | F4: 17.196561 | G4: 17.196561 | H4: 35.109645 | I4: 38.692262 | J4: 38.692262 | K4: 38.692262 | L4: 38.692262 | M4: 38.692262 | N4: 38.692262 | O4: 38.692262 | P4: 38.692262 | Q4: 38.692262 | R4: 38.692262 | S4: 38.378709 | T4: 34.929631 | U4: 34.929631 | V4: 34.929631 | W4: 34.929631 | X4: 33.846164 | Y4: 34.369458 | Z4: 38.561659 | AA4: 39.276429 | AB4: 39.276429 | AC4: 39.276429 | AD4: 39.276429 | AE4: 39.276429 | AF4: 39.276429 | AG4: 39.276429 | AH4: 39.276429 | AI4: 39.276429 | AJ4: 39.276429 | AK4: 39.276429 | AL4: 39.276429 | AM4: 38.818463 | AN4: 36.567145 | AO4: 47.5 | AP4: 47.5 | AQ4: 47.5 | AR4: 46.619531 | AS4: 47.357575 | AT4: 47.500015 | AU4: 47.263 | AV4: 48.762754 | AW4: 47.845312 | AX4: 49.494597 | AY4: 49.925331 | AZ4: 49.962018 | BA4: 50.249615 | BB4: 50.325 | BC4: 46.452461 | BD4: 46.747008 | BE4: 50.9214 | BF4: 55.3775 | BG4: 57.2475 | BH4: 61.143462 | BI4: 67.866086 | BJ4: 68.026904 | BK4: 72.083247 | BL4: 77.737949 | BM4: 76.813536
A5: Africa Western and Central | B5: AFW | C5: Official exchange rate (LCU per US$, period average) | D5: PA.NUS.FCRF
A6: Angola | B6: AGO | C6: Official exchange rate (LCU per US$, period average) | D6: PA.NUS.FCRF | E6: 2.8668443e-08 | F6: 2.873486e-08 | G6: 2.8678443e-08 | H6: 2.8752027e-08 | I6: 2.8819777e-08 | J6: 2.8778527e-08 | K6: 2.882386e-08 | L6: 2.884161e-08 | M6: 2.872761e-08 | N6: 2.8561193e-08 | O6: 2.862511e-08 | P6: 2.819112e-08 | Q6: 2.7052815e-08 | R6: 2.451462e-08 | S6: 2.5407601e-08 | T6: 2.5552181e-08 | U6: 2.9383623e-08 | V6: 2.9918e-08 | W6: 2.9918e-08 | X6: 2.9918e-08 | Y6: 2.9918e-08 | Z6: 2.9918e-08 | AA6: 2.9918e-08 | AB6: 2.9918e-08 | AC6: 2.9918e-08 | AD6: 2.9918e-08 | AE6: 2.9918e-08 | AF6: 2.9918e-08 | AG6: 2.9918e-08 | AH6: 2.9918e-08 | AI6: 2.9918e-08 | AJ6: 5.5098333e-08 | AK6: 2.5141667e-07 | AL6: 2.6601667e-06 | AM6: 5.9515e-05 | AN6: 0.0027502296 | AO6: 0.12802917 | AP6: 0.22904008 | AQ6: 0.39282352 | AR6: 2.7907062 | AS6: 10.040544 | AT6: 22.057862 | AU6: 43.530207 | AV6: 74.606301 | AW6: 83.541363 | AX6: 87.159142 | AY6: 80.368072 | AZ6: 76.706143 | BA6: 75.033354 | BB6: 79.328167 | BC6: 91.90572 | BD6: 93.93475 | BE6: 95.467955 | BF6: 96.518279 | BG6: 98.302417 | BH6: 120.0607 | BI6: 163.65643 | BJ6: 165.91595 | BK6: 252.85575 | BL6: 364.8258 | BM6: 578.25878 | BN6: 631.44196 | BO6: 460.56751 | BP6: 685.02024 | BQ6: 869.84619
A7: Albania | B7: ALB | C7: Official exchange rate (LCU per US$, period average) | D7: PA.NUS.FCRF | AK7: 75.0325 | AL7: 102.0625 | AM7: 94.623333 | AN7: 92.6975 | AO7: 104.49892 | AP7: 148.93292 | AQ7: 150.63333 | AR7: 137.69058 | AS7: 143.70942 | AT7: 143.48483 | AU7: 140.15452 | AV7: 121.86325 | AW7: 102.78005 | AX7: 99.870254 | AY7: 98.103377 | AZ7: 90.427894 | BA7: 83.894604 | BB7: 94.97812 | BC7: 103.93667 | BD7: 100.89583 | BE7: 108.18417 | BF7: 105.66917 | BG7: 105.48 | BH7: 125.96167 | BI7: 124.1425 | BJ7: 119.1 | BK7: 107.98917 | BL7: 109.85083 | BM7: 108.65 | BN7: 103.52 | BO7: 113.04167 | BP7: 100.645 | BQ7: 93.123333
A8: Andorra | B8: AND | C8: Official exchange rate (LCU per US$, period average) | D8: PA.NUS.FCRF | BN8: 0.84537656 | BO8: 0.95091553 | BP8: 0.92470962 | BQ8: 0.92436745
A9: Arab World | B9: ARB | C9: Official exchange rate (LCU per US$, period average) | D9: PA.NUS.FCRF
A10: United Arab Emirates | B10: ARE | C10: Official exchange rate (LCU per US$, period average) | D10: PA.NUS.FCRF | K10: 4.7619 | L10: 4.7619 | M10: 4.7619 | N10: 4.7619 | O10: 4.7619 | P10: 4.7479629 | Q10: 4.3859778 | R10: 3.9962713 | S10: 3.9590452 | T10: 3.961285 | U10: 3.9530725 | V10: 3.9032475 | W10: 3.8712108 | X10: 3.8156758 | Y10: 3.707365 | Z10: 3.671 | AA10: 3.671 | AB10: 3.671 | AC10: 3.671 | AD10: 3.671 | AE10: 3.671 | AF10: 3.671 | AG10: 3.671 | AH10: 3.671 | AI10: 3.671 | AJ10: 3.671 | AK10: 3.671 | AL10: 3.671 | AM10: 3.671 | AN10: 3.671 | AO10: 3.671 | AP10: 3.671125 | AQ10: 3.6725 | AR10: 3.6725 | AS10: 3.6725 | AT10: 3.6725 | AU10: 3.6725 | AV10: 3.6725 | AW10: 3.6725 | AX10: 3.6725 | AY10: 3.6725 | AZ10: 3.6725 | BA10: 3.6725 | BB10: 3.6725 | BC10: 3.6725 | BD10: 3.6725 | BE10: 3.6725 | BF10: 3.6725 | BG10: 3.6725 | BH10: 3.6725 | BI10: 3.6725 | BJ10: 3.6725 | BK10: 3.6725 | BL10: 3.6725 | BM10: 3.6725 | BN10: 3.6725 | BO10: 3.6725 | BP10: 3.6725 | BQ10: 3.6725
A11: Argentina | B11: ARG | C11: Official exchange rate (LCU per US$, period average) | D11: PA.NUS.FCRF | H11: 1.3871667e-11 | I11: 1.4039167e-11 | J11: 1.6956667e-11 | K11: 2.0915e-11 | L11: 3.33425e-11 | M11: 3.5e-11 | N11: 3.5e-11 | O11: 3.7916667e-11 | P11: 4.5216667e-11 | Q11: 5e-11 | R11: 5e-11 | S11: 5e-11 | T11: 3.6575e-10 | U11: 1.3998333e-09 | V11: 4.0763333e-09 | W11: 7.9575e-09 | X11: 1.3169667e-08 | Y11: 1.8371583e-08 | Z11: 4.4026917e-08 | AA11: 2.5922533e-07 | AB11: 1.0529957e-06 | AC11: 6.7649117e-06 | AD11: 6.01809e-05 | AE11: 9.4303167e-05 | AF11: 0.00021442983 | AG11: 0.00087526042 | AH11: 0.042333961 | AI11: 0.48758908 | AJ11: 0.95355442 | AK11: 0.99064167 | AL11: 0.99894583 | AM11: 0.99900833 | AN11: 0.99975 | AO11: 0.9996625 | AP11: 0.9995 | AQ11: 0.9995 | AR11: 0.9995 | AS11: 0.9995 | AT11: 0.9995 | AU11: 3.0632567 | AV11: 2.9006292 | AW11: 2.9233008 | AX11: 2.9036575 | AY11: 3.0543133 | AZ11: 3.0956488 | BA11: 3.1441646 | BB11: 3.7101068 | BC11: 3.8962952 | BD11: 4.1101396 | BE11: 4.5369344 | BF11: 5.4593527 | BG11: 8.075276 | BH11: 9.2331855 | BI11: 14.758175 | BJ11: 16.562707 | BK11: 28.094992 | BL11: 48.147892 | BM11: 70.539167 | BN11: 94.990742 | BO11: 130.61655 | BP11: 296.25804 | BQ11: 914.69488
A12: Armenia | B12: ARM | C12: Official exchange rate (LCU per US$, period average) | D12: PA.NUS.FCRF | AL12: 9.105 | AM12: 288.65083 | AN12: 405.90833 | AO12: 414.0415 | AP12: 490.84679 | AQ12: 504.915 | AR12: 535.06183 | AS12: 539.52583 | AT12: 555.07826 | AU12: 573.35333 | AV12: 578.76295 | AW12: 533.45083 | AX12: 457.68694 | AY12: 416.04037 | AZ12: 342.07912 | BA12: 305.9694 | BB12: 363.28329 | BC12: 373.66047 | BD12: 372.50088 | BE12: 401.76398 | BF12: 409.62575 | BG12: 415.91979 | BH12: 477.91831 | BI12: 480.48815 | BJ12: 482.71639 | BK12: 482.98795 | BL12: 480.44513 | BM12: 489.00886 | BN12: 503.76967 | BO12: 435.66618 | BP12: 392.4763 | BQ12: 392.72955
A13: American Samoa | B13: ASM | C13: Official exchange rate (LCU per US$, period average) | D13: PA.NUS.FCRF | E13: 1 | F13: 1 | G13: 1 | H13: 1 | I13: 1 | J13: 1 | K13: 1 | L13: 1 | M13: 1 | N13: 1 | O13: 1 | P13: 1 | Q13: 1 | R13: 1 | S13: 1 | T13: 1 | U13: 1 | V13: 1 | W13: 1 | X13: 1 | Y13: 1 | Z13: 1 | AA13: 1 | AB13: 1 | AC13: 1 | AD13: 1 | AE13: 1 | AF13: 1 | AG13: 1 | AH13: 1 | AI13: 1 | AJ13: 1 | AK13: 1 | AL13: 1 | AM13: 1 | AN13: 1 | AO13: 1 | AP13: 1 | AQ13: 1 | AR13: 1 | AS13: 1 | AT13: 1 | AU13: 1 | AV13: 1 | AW13: 1 | AX13: 1 | AY13: 1 | AZ13: 1 | BA13: 1 | BB13: 1 | BC13: 1 | BD13: 1 | BE13: 1 | BF13: 1 | BG13: 1 | BH13: 1 | BI13: 1 | BJ13: 1 | BK13: 1 | BL13: 1 | BM13: 1 | BN13: 1 | BO13: 1 | BP13: 1 | BQ13: 1
A14: Antigua and Barbuda | B14: ATG | C14: Official exchange rate (LCU per US$, period average) | D14: PA.NUS.FCRF | E14: 1.71429 | F14: 1.71429 | G14: 1.71429 | H14: 1.71429 | I14: 1.71429 | J14: 1.71429 | K14: 1.71429 | L14: 1.7619083 | M14: 2 | N14: 2 | O14: 2 | P14: 1.9748727 | Q14: 1.9212781 | R14: 1.9592192 | S14: 2.0532324 | T14: 2.1697958 | U14: 2.6146708 | V14: 2.7 | W14: 2.7 | X14: 2.7 | Y14: 2.7 | Z14: 2.7 | AA14: 2.7 | AB14: 2.7 | AC14: 2.7 | AD14: 2.7 | AE14: 2.7 | AF14: 2.7 | AG14: 2.7 | AH14: 2.7 | AI14: 2.7 | AJ14: 2.7 | AK14: 2.7 | AL14: 2.7 | AM14: 2.7 | AN14: 2.7 | AO14: 2.7 | AP14: 2.7 | AQ14: 2.7 | AR14: 2.7 | AS14: 2.7 | AT14: 2.7 | AU14: 2.7 | AV14: 2.7 | AW14: 2.7 | AX14: 2.7 | AY14: 2.7 | AZ14: 2.7 | BA14: 2.7 | BB14: 2.7 | BC14: 2.7 | BD14: 2.7 | BE14: 2.7 | BF14: 2.7 | BG14: 2.7 | BH14: 2.7 | BI14: 2.7 | BJ14: 2.7 | BK14: 2.7 | BL14: 2.7 | BM14: 2.7 | BN14: 2.7 | BO14: 2.7 | BP14: 2.7 | BQ14: 2.7
A15: Australia | B15: AUS | C15: Official exchange rate (LCU per US$, period average) | D15: PA.NUS.FCRF | E15: 0.892857 | F15: 0.892857 | G15: 0.892857 | H15: 0.892857 | I15: 0.892857 | J15: 0.892857 | K15: 0.892857 | L15: 0.892857 | M15: 0.892857 | N15: 0.892857 | O15: 0.892857 | P15: 0.88267026 | Q15: 0.83869781 | R15: 0.70411391 | S15: 0.69666587 | T15: 0.76387125 | U15: 0.81828408 | V15: 0.901825 | W15: 0.87365925 | X15: 0.89464092 | Y15: 0.87824433 | Z15: 0.87021458 | AA15: 0.98586283 | AB15: 1.110015 | AC15: 1.1395192 | AD15: 1.431895 | AE15: 1.4959742 | AF15: 1.42818 | AG15: 1.2799083 | AH15: 1.2645967 | AI15: 1.2810567 | AJ15: 1.2837558 | AK15: 1.3616483 | AL15: 1.47056 | AM15: 1.3677508 | AN15: 1.3490325 | AO15: 1.2778633 | AP15: 1.34738 | AQ15: 1.5918283 | AR15: 1.54995 | AS15: 1.7248267 | AT15: 1.9334425 | AU15: 1.8405625 | AV15: 1.5419142 | AW15: 1.3597525 | AX15: 1.3094733 | AY15: 1.3279734 | AZ15: 1.1950725 | BA15: 1.1921783 | BB15: 1.2821888 | BC15: 1.0901595 | BD15: 0.9694632 | BE15: 0.96580103 | BF15: 1.0358431 | BG15: 1.1093633 | BH15: 1.3310903 | BI15: 1.345214 | BJ15: 1.3047581 | BK15: 1.3384121 | BL15: 1.4385065 | BM15: 1.4530851 | BN15: 1.3312243 | BO15: 1.4416645 | BP15: 1.5051911 | BQ15: 1.515358
A16: Austria | B16: AUT | C16: Official exchange rate (LCU per US$, period average) | D16: PA.NUS.FCRF | E16: 26 | F16: 26 | G16: 26 | H16: 26 | I16: 26 | J16: 26 | K16: 26 | L16: 26 | M16: 26 | N16: 26 | O16: 26 | P16: 24.985584 | Q16: 23.115333 | R16: 19.58 | S16: 18.6925 | T16: 17.41675 | U16: 17.939667 | V16: 16.526917 | W16: 14.521667 | X16: 13.3675 | Y16: 12.938 | Z16: 15.926833 | AA16: 17.05925 | AB16: 17.963333 | AC16: 20.009083 | AD16: 20.6895 | AE16: 15.267133 | AF16: 12.6425 | AG16: 12.347667 | AH16: 13.230667 | AI16: 11.369833 | AJ16: 11.675917 | AK16: 10.989333 | AL16: 11.632183 | AM16: 11.421825 | AN16: 10.081496 | AO16: 10.586557 | AP16: 12.204244 | AQ16: 12.379065 | AR16: 0.93828307 | AS16: 1.0827051 | AT16: 1.1165331 | AU16: 1.057559 | AV16: 0.88404793 | AW16: 0.80392165 | AX16: 0.80380019 | AY16: 0.79643273 | AZ16: 0.7296724 | BA16: 0.67992268 | BB16: 0.7169577 | BC16: 0.75430899 | BD16: 0.7184139 | BE16: 0.77833812 | BF16: 0.75294512 | BG16: 0.7527282 | BH16: 0.90129642 | BI16: 0.90342144 | BJ16: 0.88520551 | BK16: 0.84677267 | BL16: 0.89327626 | BM16: 0.8755064 | BN16: 0.84549414 | BO16: 0.94962375 | BP16: 0.92483956 | BQ16: 0.92388955
A17: Azerbaijan | B17: AZE | C17: Official exchange rate (LCU per US$, period average) | D17: PA.NUS.FCRF | AK17: 0.01084 | AL17: 0.019995 | AM17: 0.314045 | AN17: 0.8827085 | AO17: 0.86025283 | AP17: 0.797075 | AQ17: 0.77379969 | AR17: 0.82403333 | AS17: 0.89483075 | AT17: 0.93131667 | AU17: 0.97216417 | AV17: 0.982146 | AW17: 0.9826955 | AX17: 0.945421 | AY17: 0.893445 | AZ17: 0.85812381 | BA17: 0.82161958 | BB17: 0.80378333 | BC17: 0.80265 | BD17: 0.78968639 | BE17: 0.78564535 | BF17: 0.78454108 | BG17: 0.7843475 | BH17: 1.0245638 | BI17: 1.5957216 | BJ17: 1.7211548 | BK17: 1.7000167 | BL17: 1.7 | BM17: 1.7 | BN17: 1.7 | BO17: 1.7 | BP17: 1.7 | BQ17: 1.7
A18: Burundi | B18: BDI | C18: Official exchange rate (LCU per US$, period average) | D18: PA.NUS.FCRF | E18: 50 | F18: 50 | G18: 50 | H18: 50 | I18: 50 | J18: 84.375 | K18: 87.5 | L18: 87.5 | M18: 87.5 | N18: 87.5 | O18: 87.5 | P18: 87.5 | Q18: 87.5 | R18: 80.026083 | S18: 78.75 | T18: 78.75 | U18: 86.25 | V18: 90 | W18: 90 | X18: 90 | Y18: 90 | Z18: 90 | AA18: 90 | AB18: 92.948333 | AC18: 119.70917 | AD18: 120.69075 | AE18: 114.17108 | AF18: 123.56383 | AG18: 140.395 | AH18: 158.66667 | AI18: 171.25542 | AJ18: 181.51258 | AK18: 208.30267 | AL18: 242.78 | AM18: 252.6625 | AN18: 249.7575 | AO18: 302.74667 | AP18: 352.35083 | AQ18: 447.76583 | AR18: 563.5625 | AS18: 720.67333 | AT18: 830.35333 | AU18: 930.74917 | AV18: 1082.62 | AW18: 1100.9 | AX18: 1081.5772 | AY18: 1028.6836 | AZ18: 1081.8697 | BA18: 1185.6908 | BB18: 1230.1792 | BC18: 1230.7483 | BD18: 1261.0733 | BE18: 1442.5056 | BF18: 1555.0908 | BG18: 1546.6867 | BH18: 1571.8983 | BI18: 1654.6267 | BJ18: 1729.055 | BK18: 1782.8769 | BL18: 1845.6229 | BM18: 1915.0462 | BN18: 1975.9509 | BO18: 2034.3066 | BP18: 2574.0517 | BQ18: 2885.2455
A19: Belgium | B19: BEL | C19: Official exchange rate (LCU per US$, period average) | D19: PA.NUS.FCRF | E19: 50 | F19: 50 | G19: 50 | H19: 50 | I19: 50 | J19: 50 | K19: 50 | L19: 50 | M19: 50 | N19: 50 | O19: 50 | P19: 49.056977 | Q19: 44.014583 | R19: 38.9765 | S19: 38.9515 | T19: 36.778917 | U19: 38.605167 | V19: 35.84275 | W19: 31.492083 | X19: 29.318667 | Y19: 29.241667 | Z19: 37.12925 | AA19: 45.690583 | AB19: 51.131667 | AC19: 57.783917 | AD19: 59.378 | AE19: 44.671917 | AF19: 37.334083 | AG19: 36.768333 | AH19: 39.404 | AI19: 33.417917 | AJ19: 34.14825 | AK19: 32.1495 | AL19: 34.596521 | AM19: 33.456497 | AN19: 29.480017 | AO19: 30.961513 | AP19: 35.773891 | AQ19: 36.298641 | AR19: 0.93828307 | AS19: 1.0827051 | AT19: 1.1165331 | AU19: 1.057559 | AV19: 0.88404793 | AW19: 0.80392165 | AX19: 0.80380019 | AY19: 0.79643273 | AZ19: 0.7296724 | BA19: 0.67992268 | BB19: 0.7169577 | BC19: 0.75430899 | BD19: 0.7184139 | BE19: 0.77833812 | BF19: 0.75294512 | BG19: 0.7527282 | BH19: 0.90129642 | BI19: 0.90342144 | BJ19: 0.88520551 | BK19: 0.84677267 | BL19: 0.89327626 | BM19: 0.8755064 | BN19: 0.84549414 | BO19: 0.94962375 | BP19: 0.92483956 | BQ19: 0.92388955
A20: Benin | B20: BEN | C20: Official exchange rate (LCU per US$, period average) | D20: PA.NUS.FCRF | E20: 245.1951 | F20: 245.2601 | G20: 245.01385 | H20: 245.01635 | I20: 245.02718 | J20: 245.06093 | K20: 245.67844 | L20: 246.00094 | M20: 247.56469 | N20: 259.96057 | O20: 276.40314 | P20: 275.35646 | Q20: 252.02763 | R20: 222.88918 | S20: 240.70467 | T20: 214.3129 | U20: 238.95049 | V20: 245.67969 | W20: 225.65586 | X20: 212.72164 | Y20: 211.27956 | Z20: 271.73145 | AA20: 328.60625 | AB20: 381.06604 | AC20: 436.95667 | AD20: 449.26296 | AE20: 346.3059 | AF20: 300.53656 | AG20: 297.84822 | AH20: 319.0083 | AI20: 272.26479 | AJ20: 282.10691 | AK20: 264.6918 | AL20: 283.16258 | AM20: 555.2047 | AN20: 499.14843 | AO20: 511.55243 | AP20: 583.66937 | AQ20: 589.95177 | AR20: 615.47335 | AS20: 710.20798 | AT20: 732.39769 | AU20: 693.71323 | AV20: 579.89743 | AW20: 527.33803 | AX20: 527.25836 | AY20: 522.42562 | AZ20: 478.63372 | BA20: 446.00004 | BB20: 470.29342 | BC20: 494.79426 | BD20: 471.24863 | BE20: 510.55634 | BF20: 493.89962 | BG20: 493.75733 | BH20: 591.2117 | BI20: 592.60562 | BJ20: 580.65675 | BK20: 555.44646 | BL20: 585.95081 | BM20: 574.29455 | BN20: 554.6078 | BO20: 622.91235 | BP20: 606.65498 | BQ20: 606.3453
A21: Burkina Faso | B21: BFA | C21: Official exchange rate (LCU per US$, period average) | D21: PA.NUS.FCRF | E21: 245.1951 | F21: 245.2601 | G21: 245.01385 | H21: 245.01635 | I21: 245.02718 | J21: 245.06093 | K21: 245.67844 | L21: 246.00094 | M21: 247.56469 | N21: 259.96057 | O21: 276.40314 | P21: 275.35646 | Q21: 252.02763 | R21: 222.88918 | S21: 240.70467 | T21: 214.3129 | U21: 238.95049 | V21: 245.67969 | W21: 225.65586 | X21: 212.72164 | Y21: 211.27956 | Z21: 271.73145 | AA21: 328.60625 | AB21: 381.06604 | AC21: 436.95667 | AD21: 449.26296 | AE21: 346.3059 | AF21: 300.53656 | AG21: 297.84822 | AH21: 319.0083 | AI21: 272.26479 | AJ21: 282.10691 | AK21: 264.6918 | AL21: 283.16258 | AM21: 555.2047 | AN21: 499.14843 | AO21: 511.55243 | AP21: 583.66937 | AQ21: 589.95177 | AR21: 615.47335 | AS21: 710.20798 | AT21: 732.39769 | AU21: 693.71323 | AV21: 579.89743 | AW21: 527.33803 | AX21: 527.25836 | AY21: 522.42562 | AZ21: 478.63372 | BA21: 446.00004 | BB21: 470.29342 | BC21: 494.79426 | BD21: 471.24863 | BE21: 510.55634 | BF21: 493.89962 | BG21: 493.75733 | BH21: 591.2117 | BI21: 592.60562 | BJ21: 580.65675 | BK21: 555.44646 | BL21: 585.91101 | BM21: 575.586 | BN21: 554.53068 | BO21: 623.7597 | BP21: 606.56975 | BQ21: 606.3453
A22: Bangladesh | B22: BGD | C22: Official exchange rate (LCU per US$, period average) | D22: PA.NUS.FCRF | P22: 7.8688426 | Q22: 7.7001842 | R22: 7.849816 | S22: 8.2260022 | T22: 12.18618 | U22: 15.399169 | V22: 15.3751 | W22: 15.016117 | X22: 15.551925 | Y22: 15.454058 | Z22: 17.986692 | AA22: 22.117883 | AB22: 24.615425 | AC22: 25.353933 | AD22: 27.994592 | AE22: 30.4069 | AF22: 30.949833 | AG22: 31.733249 | AH22: 32.27 | AI22: 34.568808 | AJ22: 36.596183 | AK22: 38.950758 | AL22: 39.567257 | AM22: 40.211739 | AN22: 40.278318 | AO22: 41.794168 | AP22: 43.892116 | AQ22: 46.905652 | AR22: 49.0854 | AS22: 52.141667 | AT22: 55.806667 | AU22: 57.888 | AV22: 58.15004 | AW22: 59.512658 | AX22: 64.327475 | AY22: 68.933233 | AZ22: 68.874875 | BA22: 68.598275 | BB22: 69.039067 | BC22: 69.649292 | BD22: 74.1524 | BE22: 81.862658 | BF22: 78.103235 | BG22: 77.641408 | BH22: 77.946908 | BI22: 78.468092 | BJ22: 80.437542 | BK22: 83.466202 | BL22: 84.453523 | BM22: 84.871392 | BN22: 85.083763 | BO22: 91.745454 | BP22: 106.30948 | BQ22: 115.60365
A23: Bulgaria | B23: BGR | C23: Official exchange rate (LCU per US$, period average) | D23: PA.NUS.FCRF | E23: 0.00117 | F23: 0.00117 | G23: 0.00117 | H23: 0.00117 | I23: 0.00117 | J23: 0.00117 | K23: 0.00117 | L23: 0.00117 | M23: 0.00117 | N23: 0.00117 | O23: 0.00117 | P23: 0.00117 | Q23: 0.00108 | R23: 0.00097916667 | S23: 0.00097 | AJ23: 0.01778825 | AK23: 0.023341167 | AL23: 0.027593583 | AM23: 0.054133667 | AN23: 0.067170833 | AO23: 0.17788867 | AP23: 1.6818792 | AQ23: 1.7603583 | AR23: 1.8363833 | AS23: 2.123275 | AT23: 2.1847083 | AU23: 2.076975 | AV23: 1.7327017 | AW23: 1.5751089 | AX23: 1.5741333 | AY23: 1.5592667 | AZ23: 1.42905 | BA23: 1.3371167 | BB23: 1.4066917 | BC23: 1.4773917 | BD23: 1.4064583 | BE23: 1.52205 | BF23: 1.4735667 | BG23: 1.4741833 | BH23: 1.7644 | BI23: 1.7680417 | BJ23: 1.7354583 | BK23: 1.6570417 | BL23: 1.7470417 | BM23: 1.7163333 | BN23: 1.653775 | BO23: 1.8601417 | BP23: 1.8089667 | BQ23: 1.8078417
A24: Bahrain | B24: BHR | C24: Official exchange rate (LCU per US$, period average) | D24: PA.NUS.FCRF | K24: 0.47619 | L24: 0.47619 | M24: 0.47619 | N24: 0.47619 | O24: 0.47619 | P24: 0.47479629 | Q24: 0.43859778 | R24: 0.39963031 | S24: 0.39474 | T24: 0.3955 | U24: 0.39559917 | V24: 0.39565 | W24: 0.38745333 | X24: 0.3816175 | Y24: 0.37700023 | Z24: 0.376 | AA24: 0.376 | AB24: 0.376 | AC24: 0.376 | AD24: 0.376 | AE24: 0.376 | AF24: 0.376 | AG24: 0.376 | AH24: 0.376 | AI24: 0.376 | AJ24: 0.376 | AK24: 0.376 | AL24: 0.37599999 | AM24: 0.37599996 | AN24: 0.37599997 | AO24: 0.37599997 | AP24: 0.37599996 | AQ24: 0.37599996 | AR24: 0.37599998 | AS24: 0.376 | AT24: 0.376 | AU24: 0.376 | AV24: 0.376 | AW24: 0.376 | AX24: 0.376 | AY24: 0.376 | AZ24: 0.376 | BA24: 0.376 | BB24: 0.376 | BC24: 0.376 | BD24: 0.376 | BE24: 0.376 | BF24: 0.376 | BG24: 0.376 | BH24: 0.376 | BI24: 0.376 | BJ24: 0.376 | BK24: 0.376 | BL24: 0.376 | BM24: 0.376 | BN24: 0.376 | BO24: 0.376 | BP24: 0.376 | BQ24: 0.376
A25: Bahamas, The | B25: BHS | C25: Official exchange rate (LCU per US$, period average) | D25: PA.NUS.FCRF | E25: 1.02041 | F25: 1.02041 | G25: 1.02041 | H25: 1.02041 | I25: 1.02041 | J25: 1.02041 | K25: 1 | L25: 1 | M25: 1 | N25: 1 | O25: 1 | P25: 1 | Q25: 1 | R25: 1 | S25: 1 | T25: 1 | U25: 1 | V25: 1 | W25: 1 | X25: 1 | Y25: 1 | Z25: 1 | AA25: 1 | AB25: 1 | AC25: 1 | AD25: 1 | AE25: 1 | AF25: 1 | AG25: 1 | AH25: 1 | AI25: 1 | AJ25: 1 | AK25: 1 | AL25: 1 | AM25: 1 | AN25: 1 | AO25: 1 | AP25: 1 | AQ25: 1 | AR25: 1 | AS25: 1 | AT25: 1 | AU25: 1 | AV25: 1 | AW25: 1 | AX25: 1 | AY25: 1 | AZ25: 1 | BA25: 1 | BB25: 1 | BC25: 1 | BD25: 1 | BE25: 1 | BF25: 1 | BG25: 1 | BH25: 1 | BI25: 1 | BJ25: 1 | BK25: 1 | BL25: 1 | BM25: 1 | BN25: 1 | BO25: 1 | BP25: 1 | BQ25: 1
A26: Bosnia and Herzegovina | B26: BIH | C26: Official exchange rate (LCU per US$, period average) | D26: PA.NUS.FCRF | AP26: 1.7340558 | AQ26: 1.7596676 | AR26: 1.8357954 | AS26: 2.1228595 | AT26: 2.1856596 | AU26: 2.0781704 | AV26: 1.7329322 | AW26: 1.575157 | AX26: 1.572722 | AY26: 1.559072 | AZ26: 1.4290027 | BA26: 1.3351957 | BB26: 1.4078912 | BC26: 1.4767396 | BD26: 1.4069366 | BE26: 1.52221 | BF26: 1.4730513 | BG26: 1.4741692 | BH26: 1.7634916 | BI26: 1.768139 | BJ26: 1.7353527 | BK26: 1.6569854 | BL26: 1.7470865 | BM26: 1.7169705 | BN26: 1.6536062 | BO26: 1.8593259 | BP26: 1.8092028 | BQ26: 1.8075636
A27: Belarus | B27: BLR | C27: Official exchange rate (LCU per US$, period average) | D27: PA.NUS.FCRF | AM27: 0.00036411125 | AN27: 0.0011520967 | AO27: 0.0013229877 | AP27: 0.002602055 | AQ27: 0.004612762 | AR27: 0.024929533 | AS27: 0.087675 | AT27: 0.139 | AU27: 0.17909167 | AV27: 0.20512708 | AW27: 0.21602575 | AX27: 0.215382 | AY27: 0.21445642 | AZ27: 0.21460783 | BA27: 0.21363975 | BB27: 0.27930492 | BC27: 0.297851 | BD27: 0.49746333 | BE27: 0.83368983 | BF27: 0.88800525 | BG27: 1.0224103 | BH27: 1.5925988 | BI27: 1.9895628 | BJ27: 1.9323417 | BK27: 2.0376083 | BL27: 2.0917833 | BM27: 2.439575 | BN27: 2.538675 | BO27: 2.6261 | BP27: 3.00735 | BQ27: 3.2461917
A28: Belize | B28: BLZ | C28: Official exchange rate (LCU per US$, period average) | D28: PA.NUS.FCRF | E28: 1.42857 | F28: 1.42857 | G28: 1.42857 | H28: 1.42857 | I28: 1.42857 | J28: 1.42857 | K28: 1.42857 | L28: 1.4484117 | M28: 1.66667 | N28: 1.66667 | O28: 1.66667 | P28: 1.6436821 | Q28: 1.6015618 | R28: 1.6326838 | S28: 1.7109268 | T28: 1.8080437 | U28: 2.2256731 | V28: 2 | W28: 2 | X28: 2 | Y28: 2 | Z28: 2 | AA28: 2 | AB28: 2 | AC28: 2 | AD28: 2 | AE28: 2 | AF28: 2 | AG28: 2 | AH28: 2 | AI28: 2 | AJ28: 2 | AK28: 2 | AL28: 2 | AM28: 2 | AN28: 2 | AO28: 2 | AP28: 2 | AQ28: 2 | AR28: 2 | AS28: 2 | AT28: 2 | AU28: 2 | AV28: 2 | AW28: 2 | AX28: 2 | AY28: 2 | AZ28: 2 | BA28: 2 | BB28: 2 | BC28: 2 | BD28: 2 | BE28: 2 | BF28: 2 | BG28: 2 | BH28: 2 | BI28: 2 | BJ28: 2 | BK28: 2 | BL28: 2 | BM28: 2 | BN28: 2 | BO28: 2 | BP28: 2 | BQ28: 2
A29: Bermuda | B29: BMU | C29: Official exchange rate (LCU per US$, period average) | D29: PA.NUS.FCRF | E29: 0.85714 | F29: 0.85714 | G29: 0.85714 | H29: 0.85714 | I29: 0.85714 | J29: 0.85714 | K29: 0.85714 | L29: 0.869045 | M29: 1 | N29: 1 | O29: 1 | P29: 1 | Q29: 1 | R29: 1 | S29: 1 | T29: 1 | U29: 1 | V29: 1 | W29: 1 | X29: 1 | Y29: 1 | Z29: 1 | AA29: 1 | AB29: 1 | AC29: 1 | AD29: 1 | AE29: 1 | AF29: 1 | AG29: 1 | AH29: 1 | AI29: 1 | AJ29: 1 | AK29: 1 | AL29: 1 | AM29: 1 | AN29: 1 | AO29: 1 | AP29: 1 | AQ29: 1 | AR29: 1 | AS29: 1 | AT29: 1 | AU29: 1 | AV29: 1 | AW29: 1 | AX29: 1 | AY29: 1 | AZ29: 1 | BA29: 1 | BB29: 1 | BC29: 1 | BD29: 1 | BE29: 1 | BF29: 1 | BG29: 1 | BH29: 1 | BI29: 1 | BJ29: 1 | BK29: 1 | BL29: 1 | BM29: 1 | BN29: 1 | BO29: 1 | BP29: 1 | BQ29: 1
A30: Bolivia | B30: BOL | C30: Official exchange rate (LCU per US$, period average) | D30: PA.NUS.FCRF | E30: 1.188e-05 | F30: 1.188e-05 | G30: 1.188e-05 | H30: 1.188e-05 | I30: 1.188e-05 | J30: 1.188e-05 | K30: 1.188e-05 | L30: 1.188e-05 | M30: 1.188e-05 | N30: 1.188e-05 | O30: 1.188e-05 | P30: 1.188e-05 | Q30: 1.3295e-05 | R30: 2.001e-05 | S30: 2.001e-05 | T30: 2.001e-05 | U30: 2.001e-05 | V30: 2.001e-05 | W30: 2.001e-05 | X30: 2.0403333e-05 | Y30: 2.452e-05 | Z30: 2.452e-05 | AA30: 6.4071667e-05 | AB30: 0.00023163 | AC30: 0.0031359092 | AD30: 0.44002901 | AE30: 1.9219583 | AF30: 2.05485 | AG30: 2.3502417 | AH30: 2.6916833 | AI30: 3.17265 | AJ30: 3.5806083 | AK30: 3.9005167 | AL30: 4.2650833 | AM30: 4.6205167 | AN30: 4.8003417 | AO30: 5.0746125 | AP30: 5.2542583 | AQ30: 5.5101333 | AR30: 5.8124083 | AS30: 6.1835417 | AT30: 6.6069167 | AU30: 7.17 | AV30: 7.6591667 | AW30: 7.9362667 | AX30: 8.0660625 | AY30: 8.0116167 | AZ30: 7.8512452 | BA30: 7.2383207 | BB30: 7.02 | BC30: 7.0166667 | BD30: 6.9369625 | BE30: 6.91 | BF30: 6.91 | BG30: 6.91 | BH30: 6.91 | BI30: 6.91 | BJ30: 6.91 | BK30: 6.91 | BL30: 6.91 | BM30: 6.91 | BN30: 6.91 | BO30: 6.91 | BP30: 6.91 | BQ30: 6.91
A31: Brazil | B31: BRA | C31: Official exchange rate (LCU per US$, period average) | D31: PA.NUS.FCRF | E31: 8.0997053e-14 | F31: 1.1684348e-13 | G31: 1.6776416e-13 | H31: 2.488694e-13 | I31: 5.4202392e-13 | J31: 8.2165489e-13 | K31: 9.6071305e-13 | L31: 1.1526032e-12 | M31: 1.4695953e-12 | N31: 1.7633628e-12 | O31: 1.9878538e-12 | P31: 2.2882209e-12 | Q31: 2.56796e-12 | R31: 2.6509405e-12 | S31: 2.9383611e-12 | T31: 3.5168445e-12 | U31: 4.6187073e-12 | V31: 6.1208673e-12 | W31: 7.8197498e-12 | X31: 1.1660691e-11 | Y31: 2.2812319e-11 | Z31: 4.0300109e-11 | AA31: 7.7685443e-11 | AB31: 2.4971817e-10 | AC31: 7.9974132e-10 | AD31: 2.6832423e-09 | AE31: 5.9096823e-09 | AF31: 1.6976308e-08 | AG31: 1.1354767e-07 | AH31: 1.2263874e-06 | AI31: 2.9557268e-05 | AJ31: 0.00017596144 | AK31: 0.0019530235 | AL31: 0.038276611 | AM31: 0.66468351 | AN31: 0.91766667 | AO31: 1.0051 | AP31: 1.0779917 | AQ31: 1.1605167 | AR31: 1.8139328 | AS31: 1.8294231 | AT31: 2.3496317 | AU31: 2.920363 | AV31: 3.0774751 | AW31: 2.9251194 | AX31: 2.43439 | AY31: 2.1753267 | AZ31: 1.9470583 | BA31: 1.8337667 | BB31: 1.9994282 | BC31: 1.7592267 | BD31: 1.6728288 | BE31: 1.9530686 | BF31: 2.1560892 | BG31: 2.352952 | BH31: 3.3269044 | BI31: 3.4913134 | BJ31: 3.1913894 | BK31: 3.6538254 | BL31: 3.9444711 | BM31: 5.1551788 | BN31: 5.3944008 | BO31: 5.1639703 | BP31: 4.9943798 | BQ31: 5.3889349
A32: Barbados | B32: BRB | C32: Official exchange rate (LCU per US$, period average) | D32: PA.NUS.FCRF | E32: 1.71429 | F32: 1.71429 | G32: 1.71429 | H32: 1.71429 | I32: 1.71429 | J32: 1.71429 | K32: 1.71429 | L32: 1.7380992 | M32: 2 | N32: 2 | O32: 2 | P32: 1.9748762 | Q32: 1.9212807 | R32: 1.9592205 | S32: 2.0532309 | T32: 2.0188666 | U32: 2 | V32: 2 | W32: 2 | X32: 2 | Y32: 2 | Z32: 2 | AA32: 2 | AB32: 2 | AC32: 2 | AD32: 2 | AE32: 2 | AF32: 2 | AG32: 2 | AH32: 2 | AI32: 2 | AJ32: 2 | AK32: 2 | AL32: 2 | AM32: 2 | AN32: 2 | AO32: 2 | AP32: 2 | AQ32: 2 | AR32: 2 | AS32: 2 | AT32: 2 | AU32: 2 | AV32: 2 | AW32: 2 | AX32: 2 | AY32: 2 | AZ32: 2 | BA32: 2 | BB32: 2 | BC32: 2 | BD32: 2 | BE32: 2 | BF32: 2 | BG32: 2 | BH32: 2 | BI32: 2 | BJ32: 2 | BK32: 2 | BL32: 2 | BM32: 2 | BN32: 2 | BO32: 2 | BP32: 2 | BQ32: 2
A33: Brunei Darussalam | B33: BRN | C33: Official exchange rate (LCU per US$, period average) | D33: PA.NUS.FCRF | E33: 3.06122 | F33: 3.06122 | G33: 3.06122 | H33: 3.06122 | I33: 3.06122 | J33: 3.06122 | K33: 3.06122 | L33: 3.06122 | M33: 3.06122 | N33: 3.06122 | O33: 3.06122 | P33: 3.0522604 | Q33: 2.8195559 | R33: 2.4585797 | S33: 2.4368667 | T33: 2.3713 | U33: 2.4708417 | V33: 2.4394 | W33: 2.274025 | X33: 2.1745583 | Y33: 2.1412083 | Z33: 2.1126917 | AA33: 2.140025 | AB33: 2.11305 | AC33: 2.1330833 | AD33: 2.20015 | AE33: 2.1774167 | AF33: 2.1059833 | AG33: 2.012425 | AH33: 1.9502583 | AI33: 1.8125333 | AJ33: 1.72755 | AK33: 1.6289667 | AL33: 1.6157908 | AM33: 1.5274442 | AN33: 1.417375 | AO33: 1.4100408 | AP33: 1.4848058 | AQ33: 1.6736017 | AR33: 1.6949567 | AS33: 1.7239633 | AT33: 1.7917225 | AU33: 1.7905883 | AV33: 1.7421833 | AW33: 1.6902283 | AX33: 1.6643975 | AY33: 1.5889333 | AZ33: 1.5071017 | BA33: 1.4171667 | BB33: 1.4545693 | BC33: 1.3635095 | BD33: 1.257913 | BE33: 1.249567 | BF33: 1.2511657 | BG33: 1.2670401 | BH33: 1.3749108 | BI33: 1.3813469 | BJ33: 1.3808912 | BK33: 1.3489186 | BL33: 1.3642185 | BM33: 1.3797034 | BN33: 1.343807 | BO33: 1.3789564 | BP33: 1.3430796 | BQ33: 1.3360333
A34: Bhutan | B34: BTN | C34: Official exchange rate (LCU per US$, period average) | D34: PA.NUS.FCRF | E34: 4.7619 | F34: 4.7619 | G34: 4.7619 | H34: 4.7619 | I34: 4.7619 | J34: 4.7619 | K34: 6.359125 | L34: 7.5 | M34: 7.5 | N34: 7.5 | O34: 7.5 | P34: 7.4919352 | Q34: 7.5944684 | R34: 7.7420386 | S34: 8.1016032 | T34: 8.3758919 | U34: 8.9604127 | V34: 8.7385762 | W34: 8.1928403 | X34: 8.1257909 | Y34: 7.8629447 | Z34: 8.6585228 | AA34: 9.4551319 | AB34: 10.098898 | AC34: 11.362583 | AD34: 12.36875 | AE34: 12.610833 | AF34: 12.9615 | AG34: 13.917083 | AH34: 16.2255 | AI34: 17.5035 | AJ34: 22.742433 | AK34: 25.918083 | AL34: 30.493292 | AM34: 31.373742 | AN34: 32.427077 | AO34: 35.433173 | AP34: 36.313286 | AQ34: 41.259365 | AR34: 43.055428 | AS34: 44.941605 | AT34: 47.186414 | AU34: 48.610319 | AV34: 46.583284 | AW34: 45.316467 | AX34: 44.099975 | AY34: 45.307008 | AZ34: 41.348533 | BA34: 43.505183 | BB34: 48.405267 | BC34: 45.725812 | BD34: 46.670467 | BE34: 53.437233 | BF34: 58.597845 | BG34: 61.029514 | BH34: 64.151944 | BI34: 67.195313 | BJ34: 65.121569 | BK34: 68.389467 | BL34: 70.420341 | BM34: 74.099567 | BN34: 73.918013 | BO34: 78.604491 | BP34: 82.599276 | BQ34: 83.669282
A35: Botswana | B35: BWA | C35: Official exchange rate (LCU per US$, period average) | D35: PA.NUS.FCRF | E35: 0.71332088 | F35: 0.71469444 | G35: 0.71326549 | H35: 0.71528719 | I35: 0.71725865 | J35: 0.7163344 | K35: 0.71698343 | L35: 0.71704962 | M35: 0.71699816 | N35: 0.71805713 | O35: 0.71641352 | P35: 0.71244376 | Q35: 0.77282841 | R35: 0.69411414 | S35: 0.679477 | T35: 0.7395077 | U35: 0.869565 | V35: 0.84195967 | W35: 0.828157 | X35: 0.81500667 | Y35: 0.777225 | Z35: 0.83673833 | AA35: 1.0296608 | AB35: 1.0969258 | AC35: 1.2983733 | AD35: 1.9025667 | AE35: 1.8791442 | AF35: 1.6789408 | AG35: 1.8285875 | AH35: 2.0148858 | AI35: 1.8604658 | AJ35: 2.0215567 | AK35: 2.109725 | AL35: 2.423075 | AM35: 2.6846455 | AN35: 2.7722067 | AO35: 3.3241967 | AP35: 3.6507633 | AQ35: 4.22588 | AR35: 4.6243953 | AS35: 5.1022417 | AT35: 5.8414167 | AU35: 6.3277917 | AV35: 4.9496667 | AW35: 4.6938333 | AX35: 5.11675 | AY35: 5.8303 | AZ35: 6.1394083 | BA35: 6.8268583 | BB35: 7.1551417 | BC35: 6.793625 | BD35: 6.8382333 | BE35: 7.640525 | BF35: 8.3989083 | BG35: 8.9760833 | BH35: 10.128992 | BI35: 10.901158 | BJ35: 10.347417 | BK35: 10.199975 | BL35: 10.755867 | BM35: 11.456242 | BN35: 11.087258 | BO35: 12.368808 | BP35: 13.596383 | BQ35: 13.563133
A36: Central African Republic | B36: CAF | C36: Official exchange rate (LCU per US$, period average) | D36: PA.NUS.FCRF | E36: 245.1951 | F36: 245.2601 | G36: 245.01385 | H36: 245.01635 | I36: 245.02718 | J36: 245.06093 | K36: 245.67844 | L36: 246.00094 | M36: 247.56469 | N36: 259.96057 | O36: 276.40314 | P36: 275.35646 | Q36: 252.02763 | R36: 222.88918 | S36: 240.70467 | T36: 214.3129 | U36: 238.95049 | V36: 245.67969 | W36: 225.65586 | X36: 212.72164 | Y36: 211.27956 | Z36: 271.73145 | AA36: 328.60625 | AB36: 381.06604 | AC36: 436.95667 | AD36: 449.26296 | AE36: 346.3059 | AF36: 300.53656 | AG36: 297.84822 | AH36: 319.0083 | AI36: 272.26479 | AJ36: 282.10691 | AK36: 264.6918 | AL36: 283.16258 | AM36: 555.2047 | AN36: 499.14843 | AO36: 511.55243 | AP36: 583.66937 | AQ36: 589.95177 | AR36: 615.47335 | AS36: 710.20798 | AT36: 732.39769 | AU36: 693.71323 | AV36: 579.89743 | AW36: 527.33803 | AX36: 527.25836 | AY36: 522.42562 | AZ36: 478.63372 | BA36: 446.00004 | BB36: 470.29342 | BC36: 494.79426 | BD36: 471.24863 | BE36: 510.55634 | BF36: 493.89962 | BG36: 493.75733 | BH36: 591.2117 | BI36: 592.60562 | BJ36: 580.65675 | BK36: 555.44646 | BL36: 585.91101 | BM36: 575.586 | BN36: 554.53068 | BO36: 623.7597 | BP36: 606.56975 | BQ36: 606.3453
A37: Canada | B37: CAN | C37: Official exchange rate (LCU per US$, period average) | D37: PA.NUS.FCRF | E37: 0.96976679 | F37: 1.0130625 | G37: 1.0687692 | H37: 1.0785143 | I37: 1.0785984 | J37: 1.0779843 | K37: 1.0773416 | L37: 1.0787104 | M37: 1.0774714 | N37: 1.0767805 | O37: 1.0442187 | P37: 1.0098105 | Q37: 0.99066256 | R37: 1.0000901 | S37: 0.97801753 | T37: 1.0171593 | U37: 0.9860283 | V37: 1.0634416 | W37: 1.1406592 | X37: 1.1714245 | Y37: 1.1692269 | Z37: 1.1989031 | AA37: 1.2337349 | AB37: 1.2324118 | AC37: 1.2950656 | AD37: 1.3655074 | AE37: 1.3894711 | AF37: 1.3259826 | AG37: 1.2307008 | AH37: 1.1839721 | AI37: 1.1667736 | AJ37: 1.1457258 | AK37: 1.2087229 | AL37: 1.2900879 | AM37: 1.3656734 | AN37: 1.3724454 | AO37: 1.3635216 | AP37: 1.384598 | AQ37: 1.4835053 | AR37: 1.4857048 | AS37: 1.4853941 | AT37: 1.54884 | AU37: 1.5703428 | AV37: 1.4010145 | AW37: 1.3012816 | AX37: 1.2114051 | AY37: 1.1343447 | AZ37: 1.0740456 | BA37: 1.0670869 | BB37: 1.1415354 | BC37: 1.0301127 | BD37: 0.98925816 | BE37: 0.99936474 | BF37: 1.0301374 | BG37: 1.1047471 | BH37: 1.2787862 | BI37: 1.3256152 | BJ37: 1.2979358 | BK37: 1.2958179 | BL37: 1.3267934 | BM37: 1.3411527 | BN37: 1.2538769 | BO37: 1.3015548 | BP37: 1.3499086 | BQ37: 1.3693598
A38: Central Europe and the Baltics | B38: CEB | C38: Official exchange rate (LCU per US$, period average) | D38: PA.NUS.FCRF
A39: Switzerland | B39: CHE | C39: Official exchange rate (LCU per US$, period average) | D39: PA.NUS.FCRF | E39: 4.37295 | F39: 4.37295 | G39: 4.37295 | H39: 4.37295 | I39: 4.37295 | J39: 4.37295 | K39: 4.37295 | L39: 4.37295 | M39: 4.37295 | N39: 4.37295 | O39: 4.37295 | P39: 4.1338542 | Q39: 3.81925 | R39: 3.1648333 | S39: 2.97925 | T39: 2.5812833 | U39: 2.4996417 | V39: 2.403525 | W39: 1.788025 | X39: 1.662725 | Y39: 1.6757083 | Z39: 1.9642417 | AA39: 2.030275 | AB39: 2.0991417 | AC39: 2.3496833 | AD39: 2.457125 | AE39: 1.7989167 | AF39: 1.4911917 | AG39: 1.4633 | AH39: 1.635925 | AI39: 1.3891583 | AJ39: 1.4339917 | AK39: 1.4062183 | AL39: 1.4776167 | AM39: 1.3676925 | AN39: 1.1824692 | AO39: 1.23601 | AP39: 1.4513125 | AQ39: 1.4498133 | AR39: 1.502155 | AS39: 1.6888425 | AT39: 1.687615 | AU39: 1.5586075 | AV39: 1.3466508 | AW39: 1.2434958 | AX39: 1.2451767 | AY39: 1.2538433 | AZ39: 1.2003658 | BA39: 1.08309 | BB39: 1.0881417 | BC39: 1.0429056 | BD39: 0.88804203 | BE39: 0.93768448 | BF39: 0.92690355 | BG39: 0.91615105 | BH39: 0.96238133 | BI39: 0.98539439 | BJ39: 0.98469167 | BK39: 0.97789167 | BL39: 0.99370917 | BM39: 0.938965 | BN39: 0.91384583 | BO39: 0.9548325 | BP39: 0.89849 | BQ39: 0.88044083
A40: Channel Islands | B40: CHI | C40: Official exchange rate (LCU per US$, period average) | D40: PA.NUS.FCRF | E40: 0.357143 | F40: 0.357143 | G40: 0.357143 | H40: 0.357143 | I40: 0.357143 | J40: 0.357143 | K40: 0.357143 | L40: 0.36210333 | M40: 0.416667 | N40: 0.416667 | O40: 0.416667 | P40: 0.41092024 | Q40: 0.40039046 | R40: 0.40817095 | S40: 0.42775644 | T40: 0.45204117 | U40: 0.55650983 | V40: 0.573272 | W40: 0.52150458 | X40: 0.47218117 | Y40: 0.430295 | Z40: 0.49764133 | AA40: 0.57244683 | AB40: 0.65972458 | AC40: 0.75180667 | AD40: 0.779246 | AE40: 0.68219733 | AF40: 0.6119265 | AG40: 0.56217017 | AH40: 0.61117275 | AI40: 0.56317717 | AJ40: 0.56701533 | AK40: 0.56977417 | AL40: 0.66675655 | AM40: 0.6534266 | AN40: 0.63366812 | AO40: 0.64095826 | AP40: 0.61083611 | AQ40: 0.60382359 | AR40: 0.61805685 | AS40: 0.66093083 | AT40: 0.694655 | AU40: 0.66722333 | AV40: 0.6124725 | AW40: 0.54618 | AX40: 0.54999833 | AY40: 0.54348667 | AZ40: 0.49977167 | BA40: 0.54396625 | BB40: 0.64191926 | BC40: 0.64717935 | BD40: 0.62414084 | BE40: 0.63304699 | BF40: 0.63966058 | BG40: 0.60772963 | BH40: 0.65454548 | BI40: 0.74063446 | BJ40: 0.77697668 | BK40: 0.74953154 | BL40: 0.78344511 | BM40: 0.77999958 | BN40: 0.72706494 | BO40: 0.81130172 | BP40: 0.80453891 | BQ40: 0.78241458
A41: Chile | B41: CHL | C41: Official exchange rate (LCU per US$, period average) | D41: PA.NUS.FCRF | E41: 0.0010489694 | F41: 0.001050136 | G41: 0.0010576358 | H41: 0.001621786 | I41: 0.0023074326 | J41: 0.0031566578 | K41: 0.0038511376 | L41: 0.0050682687 | M41: 0.0068764659 | N41: 0.0086175817 | O41: 0.011277504 | P41: 0.012208644 | Q41: 0.020835225 | R41: 0.071641908 | S41: 0.59282626 | T41: 4.9104167 | U41: 13.054167 | V41: 21.535833 | W41: 31.655833 | X41: 37.245833 | Y41: 39 | Z41: 39 | AA41: 50.908333 | AB41: 78.788333 | AC41: 98.4775 | AD41: 160.86 | AE41: 192.93 | AF41: 219.40667 | AG41: 245.01167 | AH41: 266.95417 | AI41: 304.90333 | AJ41: 349.21583 | AK41: 362.57583 | AL41: 404.16583 | AM41: 420.17667 | AN41: 396.77333 | AO41: 412.26667 | AP41: 419.295 | AQ41: 460.2875 | AR41: 508.77667 | AS41: 539.5875 | AT41: 634.93833 | AU41: 688.93667 | AV41: 691.3975 | AW41: 609.52917 | AX41: 559.7675 | AY41: 530.275 | AZ41: 522.46417 | BA41: 522.46104 | BB41: 560.85989 | BC41: 510.24917 | BD41: 483.6675 | BE41: 486.4713 | BF41: 495.27288 | BG41: 570.34822 | BH41: 654.12408 | BI41: 676.95774 | BJ41: 648.83379 | BK41: 641.27681 | BL41: 702.89742 | BM41: 792.72721 | BN41: 758.95538 | BO41: 873.31419 | BP41: 840.06653 | BQ41: 943.57217
A42: China | B42: CHN | C42: Official exchange rate (LCU per US$, period average) | D42: PA.NUS.FCRF | E42: 2.4618089 | F42: 2.4618089 | G42: 2.4618089 | H42: 2.4618089 | I42: 2.4618089 | J42: 2.4618089 | K42: 2.4618089 | L42: 2.4618089 | M42: 2.4618089 | N42: 2.4618089 | O42: 2.4618089 | P42: 2.4618089 | Q42: 2.2450664 | R42: 1.9894155 | S42: 1.9611071 | T42: 1.8598234 | U42: 1.9414154 | V42: 1.8578234 | W42: 1.6835894 | X42: 1.554939 | Y42: 1.4983861 | Z42: 1.7045417 | AA42: 1.8925417 | AB42: 1.975675 | AC42: 2.3200417 | AD42: 2.9366583 | AE42: 3.4527917 | AF42: 3.7221 | AG42: 3.7221 | AH42: 3.7651083 | AI42: 4.7832083 | AJ42: 5.3233917 | AK42: 5.5145917 | AL42: 5.7619583 | AM42: 8.6187427 | AN42: 8.3514167 | AO42: 8.314175 | AP42: 8.2898167 | AQ42: 8.2789583 | AR42: 8.27825 | AS42: 8.2785042 | AT42: 8.2770683 | AU42: 8.2769575 | AV42: 8.2770367 | AW42: 8.2768008 | AX42: 8.1943167 | AY42: 7.9734383 | AZ42: 7.6075325 | BA42: 6.948655 | BB42: 6.8314161 | BC42: 6.770269 | BD42: 6.4614613 | BE42: 6.3123328 | BF42: 6.1957583 | BG42: 6.1434341 | BH42: 6.2274887 | BI42: 6.6444778 | BJ42: 6.7587551 | BK42: 6.6159572 | BL42: 6.908385 | BM42: 6.9007673 | BN42: 6.4489752 | BO42: 6.7371581 | BP42: 7.0839984 | BQ42: 7.1974911
A43: Cote d'Ivoire | B43: CIV | C43: Official exchange rate (LCU per US$, period average) | D43: PA.NUS.FCRF | E43: 245.1951 | F43: 245.2601 | G43: 245.01385 | H43: 245.01635 | I43: 245.02718 | J43: 245.06093 | K43: 245.67844 | L43: 246.00094 | M43: 247.56469 | N43: 259.96057 | O43: 276.40314 | P43: 275.35646 | Q43: 252.02763 | R43: 222.88918 | S43: 240.70467 | T43: 214.3129 | U43: 238.95049 | V43: 245.67969 | W43: 225.65586 | X43: 212.72164 | Y43: 211.27956 | Z43: 271.73145 | AA43: 328.60625 | AB43: 381.06604 | AC43: 436.95667 | AD43: 449.26296 | AE43: 346.3059 | AF43: 300.53656 | AG43: 297.84822 | AH43: 319.0083 | AI43: 272.26479 | AJ43: 282.10691 | AK43: 264.6918 | AL43: 283.16258 | AM43: 555.2047 | AN43: 499.14843 | AO43: 511.55243 | AP43: 583.66937 | AQ43: 589.95177 | AR43: 615.47335 | AS43: 710.20798 | AT43: 732.39769 | AU43: 693.71323 | AV43: 579.89743 | AW43: 527.33803 | AX43: 527.25836 | AY43: 522.42562 | AZ43: 478.63372 | BA43: 446.00004 | BB43: 470.29342 | BC43: 494.79426 | BD43: 471.24863 | BE43: 510.55634 | BF43: 493.89962 | BG43: 493.75733 | BH43: 591.2117 | BI43: 592.60562 | BJ43: 580.65675 | BK43: 555.44646 | BL43: 585.91101 | BM43: 575.586 | BN43: 554.53068 | BO43: 623.7597 | BP43: 606.56975 | BQ43: 606.3453
A44: Cameroon | B44: CMR | C44: Official exchange rate (LCU per US$, period average) | D44: PA.NUS.FCRF | E44: 245.1951 | F44: 245.2601 | G44: 245.01385 | H44: 245.01635 | I44: 245.02718 | J44: 245.06093 | K44: 245.67844 | L44: 246.00094 | M44: 247.56469 | N44: 259.96057 | O44: 276.40314 | P44: 275.35646 | Q44: 252.02763 | R44: 222.88918 | S44: 240.70467 | T44: 214.3129 | U44: 238.95049 | V44: 245.67969 | W44: 225.65586 | X44: 212.72164 | Y44: 211.27956 | Z44: 271.73145 | AA44: 328.60625 | AB44: 381.06604 | AC44: 436.95667 | AD44: 449.26296 | AE44: 346.3059 | AF44: 300.53656 | AG44: 297.84822 | AH44: 319.0083 | AI44: 272.26479 | AJ44: 282.10691 | AK44: 264.6918 | AL44: 283.16258 | AM44: 555.2047 | AN44: 499.14843 | AO44: 511.55243 | AP44: 583.66937 | AQ44: 589.95177 | AR44: 615.47335 | AS44: 710.20798 | AT44: 732.39769 | AU44: 693.71323 | AV44: 579.89743 | AW44: 527.33803 | AX44: 527.25836 | AY44: 522.42562 | AZ44: 478.63372 | BA44: 446.00004 | BB44: 470.29342 | BC44: 494.79426 | BD44: 471.24863 | BE44: 510.55634 | BF44: 493.89962 | BG44: 493.75733 | BH44: 591.2117 | BI44: 592.60562 | BJ44: 580.65675 | BK44: 555.44646 | BL44: 585.91101 | BM44: 575.586 | BN44: 554.53068 | BO44: 623.7597 | BP44: 606.56975 | BQ44: 606.3453
A45: Congo, Dem. Rep. | B45: COD | C45: Official exchange rate (LCU per US$, period average) | D45: PA.NUS.FCRF | E45: 1.7e-13 | F45: 1.75e-13 | G45: 2.1e-13 | H45: 2.525e-13 | I45: 5.5e-13 | J45: 5.5e-13 | K45: 5.5e-13 | L45: 1.1566667e-12 | M45: 1.67e-12 | N45: 1.67e-12 | O45: 1.67e-12 | P45: 1.67e-12 | Q45: 1.67e-12 | R45: 1.67e-12 | S45: 1.67e-12 | T45: 1.67e-12 | U45: 2.6408333e-12 | V45: 2.855e-12 | W45: 2.7866667e-12 | X45: 5.7608333e-12 | Y45: 9.3308333e-12 | Z45: 1.4608333e-11 | AA45: 1.91625e-11 | AB45: 4.2955e-11 | AC45: 1.2040417e-10 | AD45: 1.662075e-10 | AE45: 1.9870583e-10 | AF45: 3.74595e-10 | AG45: 6.2343e-10 | AH45: 1.2712083e-09 | AI45: 2.3947483e-09 | AJ45: 5.1945694e-08 | AK45: 2.1513626e-06 | AL45: 2.5144168e-05 | AM45: 0.011941192 | AN45: 0.070244717 | AO45: 0.50184918 | AP45: 1.3134476 | AQ45: 1.6066599 | AR45: 4.0183333 | AS45: 21.818333 | AT45: 206.6175 | AU45: 346.485 | AV45: 405.17818 | AW45: 399.47579 | AX45: 473.90801 | AY45: 468.27882 | AZ45: 516.74989 | BA45: 559.29251 | BB45: 809.78583 | BC45: 905.91346 | BD45: 919.4913 | BE45: 919.75502 | BF45: 919.56591 | BG45: 925.22628 | BH45: 925.98496 | BI45: 1010.3028 | BJ45: 1464.4179 | BK45: 1622.5235 | BL45: 1647.7601 | BM45: 1851.1222 | BN45: 1989.3915 | BO45: 2006.7082 | BP45: 2340.0357
A46: Congo, Rep. | B46: COG | C46: Official exchange rate (LCU per US$, period average) | D46: PA.NUS.FCRF | E46: 245.1951 | F46: 245.2601 | G46: 245.01385 | H46: 245.01635 | I46: 245.02718 | J46: 245.06093 | K46: 245.67844 | L46: 246.00094 | M46: 247.56469 | N46: 259.96057 | O46: 276.40314 | P46: 275.35646 | Q46: 252.02763 | R46: 222.88918 | S46: 240.70467 | T46: 214.3129 | U46: 238.95049 | V46: 245.67969 | W46: 225.65586 | X46: 212.72164 | Y46: 211.27956 | Z46: 271.73145 | AA46: 328.60625 | AB46: 381.06604 | AC46: 436.95667 | AD46: 449.26296 | AE46: 346.3059 | AF46: 300.53656 | AG46: 297.84822 | AH46: 319.0083 | AI46: 272.26479 | AJ46: 282.10691 | AK46: 264.6918 | AL46: 283.16258 | AM46: 555.2047 | AN46: 499.14843 | AO46: 511.55243 | AP46: 583.66937 | AQ46: 589.95177 | AR46: 615.47335 | AS46: 710.20798 | AT46: 732.39769 | AU46: 693.71323 | AV46: 579.89743 | AW46: 527.33803 | AX46: 527.25836 | AY46: 522.42562 | AZ46: 478.63372 | BA46: 446.00004 | BB46: 470.29342 | BC46: 494.79426 | BD46: 471.24863 | BE46: 510.55634 | BF46: 493.89962 | BG46: 493.75733 | BH46: 591.2117 | BI46: 592.60562 | BJ46: 580.65675 | BK46: 555.44646 | BL46: 585.91101 | BM46: 575.586 | BN46: 554.53068 | BO46: 623.7597 | BP46: 606.56975 | BQ46: 606.3453
A47: Colombia | B47: COL | C47: Official exchange rate (LCU per US$, period average) | D47: PA.NUS.FCRF | E47: 6.635 | F47: 6.7 | G47: 6.9616667 | H47: 9 | I47: 9 | J47: 10.5 | K47: 13.5 | L47: 14.506667 | M47: 16.291667 | N47: 17.321667 | O47: 18.444167 | P47: 19.933333 | Q47: 21.866667 | R47: 23.571667 | S47: 26.061667 | T47: 30.9275 | U47: 34.695 | V47: 36.774167 | W47: 39.095 | X47: 42.548333 | Y47: 47.278333 | Z47: 54.489167 | AA47: 64.085833 | AB47: 78.8575 | AC47: 100.8175 | AD47: 142.31167 | AE47: 194.26083 | AF47: 242.60667 | AG47: 299.17333 | AH47: 382.56667 | AI47: 502.26 | AJ47: 627.1525 | AK47: 680.38583 | AL47: 786.34667 | AM47: 826.54 | AN47: 912.895 | AO47: 1036.6225 | AP47: 1141.1167 | AQ47: 1426.4242 | AR47: 1756.6858 | AS47: 2087.9183 | AT47: 2299.8933 | AU47: 2504.6808 | AV47: 2877.5433 | AW47: 2628.3683 | AX47: 2321.1317 | AY47: 2358.5946 | AZ47: 2077.811 | BA47: 1965.1375 | BB47: 2157.5983 | BC47: 1898.9975 | BD47: 1848.0167 | BE47: 1798.0117 | BF47: 1868.895 | BG47: 2001.105 | BH47: 2741.7817 | BI47: 3055.255 | BJ47: 2951.4869 | BK47: 2955.704 | BL47: 3281.6222 | BM47: 3693.2758 | BN47: 3744.2442 | BO47: 4256.1942 | BP47: 4325.955 | BQ47: 4074.4342
A48: Comoros | B48: COM | C48: Official exchange rate (LCU per US$, period average) | D48: PA.NUS.FCRF | E48: 245.19302 | F48: 245.25802 | G48: 245.01177 | H48: 245.01427 | I48: 245.02511 | J48: 245.05886 | K48: 245.67635 | L48: 245.99885 | M48: 247.5626 | N48: 259.95837 | O48: 276.40079 | P48: 275.35431 | Q48: 252.02549 | R48: 222.88729 | S48: 240.70263 | T48: 214.31108 | U48: 238.94847 | V48: 245.6776 | W48: 225.65395 | X48: 212.71984 | Y48: 211.27777 | Z48: 271.72915 | AA48: 328.60347 | AB48: 381.06281 | AC48: 436.95296 | AD48: 449.25916 | AE48: 346.30297 | AF48: 300.53402 | AG48: 297.84569 | AH48: 319.0056 | AI48: 272.26248 | AJ48: 282.10452 | AK48: 264.68956 | AL48: 283.16018 | AM48: 416.39882 | AN48: 374.35709 | AO48: 383.65999 | AP48: 437.74709 | AQ48: 442.45884 | AR48: 461.793 | AS48: 532.65598 | AT48: 549.29827 | AU48: 520.28492 | AV48: 434.92307 | AW48: 395.50352 | AX48: 395.44377 | AY48: 391.81922 | AZ48: 358.97529 | BA48: 334.50003 | BB48: 352.72007 | BC48: 371.0957 | BD48: 353.43647 | BE48: 382.91725 | BF48: 370.42472 | BG48: 370.318 | BH48: 443.40877 | BI48: 444.45421 | BJ48: 435.49256 | BK48: 416.58484 | BL48: 439.46311 | BM48: 430.72091 | BN48: 415.95585 | BO48: 467.18426 | BP48: 454.99124 | BQ48: 454.52386
A49: Cabo Verde | B49: CPV | C49: Official exchange rate (LCU per US$, period average) | D49: PA.NUS.FCRF | E49: 28.75 | F49: 28.75 | G49: 28.75 | H49: 28.75 | I49: 28.75 | J49: 28.75 | K49: 28.75 | L49: 28.75 | M49: 28.75 | N49: 28.75 | O49: 28.75 | P49: 28.36017 | Q49: 27.053417 | R49: 24.515167 | S49: 25.408167 | T49: 25.54325 | U49: 30.229083 | V49: 34.046492 | W49: 35.50075 | X49: 37.433 | Y49: 40.174917 | Z49: 48.694667 | AA49: 58.293333 | AB49: 71.685833 | AC49: 84.877917 | AD49: 91.631667 | AE49: 80.144917 | AF49: 72.465833 | AG49: 72.0675 | AH49: 77.978083 | AI49: 70.031333 | AJ49: 71.408333 | AK49: 68.017583 | AL49: 80.426597 | AM49: 81.890833 | AN49: 76.853333 | AO49: 82.591467 | AP49: 93.176667 | AQ49: 98.1575 | AR49: 102.7 | AS49: 115.87655 | AT49: 123.21333 | AU49: 117.25583 | AV49: 97.7875 | AW49: 88.747925 | AX49: 88.646169 | AY49: 87.926065 | AZ49: 80.615027 | BA49: 75.336004 | BB49: 80.035418 | BC49: 83.278689 | BD49: 79.276881 | BE49: 86.318954 | BF49: 83.0725 | BG49: 83.0345 | BH49: 99.385694 | BI49: 99.688114 | BJ49: 97.806938 | BK49: 93.413579 | BL49: 98.495179 | BM49: 96.795743 | BN49: 93.218092 | BO49: 104.86307 | BP49: 101.80481 | BQ49: 101.92201
A50: Costa Rica | B50: CRI | C50: Official exchange rate (LCU per US$, period average) | D50: PA.NUS.FCRF | E50: 5.615 | F50: 5.9516667 | G50: 6.625 | H50: 6.625 | I50: 6.625 | J50: 6.625 | K50: 6.625 | L50: 6.625 | M50: 6.625 | N50: 6.625 | O50: 6.625 | P50: 6.6258333 | Q50: 6.635 | R50: 6.6467583 | S50: 7.93 | T50: 8.57 | U50: 8.57 | V50: 8.57 | W50: 8.57 | X50: 8.57 | Y50: 8.57 | Z50: 21.763333 | AA50: 37.406667 | AB50: 41.094167 | AC50: 44.532683 | AD50: 50.45335 | AE50: 55.985892 | AF50: 62.7762 | AG50: 75.804733 | AH50: 81.504208 | AI50: 91.579292 | AJ50: 122.43242 | AK50: 134.50633 | AL50: 142.17167 | AM50: 157.06667 | AN50: 179.72917 | AO50: 207.68917 | AP50: 232.5975 | AQ50: 257.22917 | AR50: 285.68469 | AS50: 308.18667 | AT50: 328.87083 | AU50: 359.81753 | AV50: 398.66222 | AW50: 437.935 | AX50: 477.78674 | AY50: 511.30182 | AZ50: 516.61739 | BA50: 526.23551 | BB50: 573.28796 | BC50: 525.8292 | BD50: 505.66424 | BE50: 502.90146 | BF50: 499.76683 | BG50: 538.3172 | BH50: 534.56577 | BI50: 544.73937 | BJ50: 567.51309 | BK50: 576.9725 | BL50: 587.2946 | BM50: 584.90085 | BN50: 620.78472 | BO50: 647.13582 | BP50: 544.05078 | BQ50: 515.10977
A51: Caribbean small states | B51: CSS | C51: Official exchange rate (LCU per US$, period average) | D51: PA.NUS.FCRF
A52: Cuba | B52: CUB | C52: Official exchange rate (LCU per US$, period average) | D52: PA.NUS.FCRF | E52: 1 | F52: 1 | G52: 1 | H52: 1 | I52: 1 | J52: 1 | K52: 1 | L52: 1 | M52: 1 | N52: 1 | O52: 1 | P52: 1 | Q52: 0.921 | R52: 0.83666667 | S52: 0.822
A53: Curacao | B53: CUW | C53: Official exchange rate (LCU per US$, period average) | D53: PA.NUS.FCRF | BD53: 1.79 | BE53: 1.79 | BF53: 1.79 | BG53: 1.79 | BH53: 1.79 | BI53: 1.79 | BJ53: 1.79 | BK53: 1.79 | BL53: 1.79 | BM53: 1.79 | BN53: 1.79 | BO53: 1.79 | BP53: 1.79 | BQ53: 1.79
A54: Cayman Islands | B54: CYM | C54: Official exchange rate (LCU per US$, period average) | D54: PA.NUS.FCRF | E54: 0.71428571 | F54: 0.71428571 | G54: 0.71428571 | H54: 0.71428571 | I54: 0.71428571 | J54: 0.71428571 | K54: 0.71428571 | L54: 0.727467 | M54: 0.83333333 | N54: 0.83333333 | O54: 0.82784387 | P54: 0.83275941 | Q54: 0.8004973 | R54: 0.81634189 | S54: 0.83882588 | T54: 0.83333 | U54: 0.83333 | V54: 0.83333 | W54: 0.83333 | X54: 0.83333 | Y54: 0.83333 | Z54: 0.83333 | AA54: 0.83333 | AB54: 0.83333 | AC54: 0.83333 | AD54: 0.83333 | AE54: 0.83333 | AF54: 0.83333 | AG54: 0.83333 | AH54: 0.83333 | AI54: 0.83333 | AJ54: 0.83333 | AK54: 0.83333 | AL54: 0.83333 | AM54: 0.83333 | AN54: 0.83333 | AO54: 0.83333 | AP54: 0.83333 | AQ54: 0.83333 | AR54: 0.83333 | AS54: 0.83333 | AT54: 0.83333 | AU54: 0.83333 | AV54: 0.83333 | AW54: 0.83333 | AX54: 0.83333 | AY54: 0.83333 | AZ54: 0.83333 | BA54: 0.83333 | BB54: 0.83333 | BC54: 0.83333 | BD54: 0.83333 | BE54: 0.83333 | BF54: 0.83333 | BG54: 0.83333 | BH54: 0.83333 | BI54: 0.83333 | BJ54: 0.83333 | BK54: 0.83333 | BL54: 0.83333 | BM54: 0.83333 | BN54: 0.83333 | BO54: 0.83333 | BP54: 0.83333 | BQ54: 0.83333
A55: Cyprus | B55: CYP | C55: Official exchange rate (LCU per US$, period average) | D55: PA.NUS.FCRF | E55: 0.357143 | F55: 0.357143 | G55: 0.357143 | H55: 0.357143 | I55: 0.357143 | J55: 0.357143 | K55: 0.357143 | L55: 0.36210333 | M55: 0.416667 | N55: 0.416667 | O55: 0.416667 | P55: 0.4107306 | Q55: 0.38357237 | R55: 0.3499505 | S55: 0.36469271 | T55: 0.36890724 | U55: 0.41049569 | V55: 0.40812158 | W55: 0.37351258 | X55: 0.35444386 | Y55: 0.35305169 | Z55: 0.42143076 | AA55: 0.4753859 | AB55: 0.52664077 | AC55: 0.58838586 | AD55: 0.61255232 | AE55: 0.51814308 | AF55: 0.48109658 | AG55: 0.46662883 | AH55: 0.49462492 | AI55: 0.45807992 | AJ55: 0.4644285 | AK55: 0.44954858 | AL55: 0.49740517 | AM55: 0.492191 | AN55: 0.45242017 | AO55: 0.46631125 | AP55: 0.51389733 | AQ55: 0.51782558 | AR55: 0.54294775 | AS55: 0.62240912 | AT55: 0.64310703 | AU55: 0.61065999 | AV55: 0.51744326 | AW55: 0.46860055 | AX55: 0.46407051 | AY55: 0.45891595 | AZ55: 0.426125 | BA55: 0.67992268 | BB55: 0.7169577 | BC55: 0.75430899 | BD55: 0.7184139 | BE55: 0.77833812 | BF55: 0.75294512 | BG55: 0.7527282 | BH55: 0.90129642 | BI55: 0.90342144 | BJ55: 0.88520551 | BK55: 0.84677267 | BL55: 0.89327626 | BM55: 0.8755064 | BN55: 0.84549414 | BO55: 0.94962375 | BP55: 0.92483956 | BQ55: 0.92388955
A56: Czechia | B56: CZE | C56: Official exchange rate (LCU per US$, period average) | D56: PA.NUS.FCRF | AL56: 29.152833 | AM56: 28.785083 | AN56: 26.540667 | AO56: 27.144917 | AP56: 31.698417 | AQ56: 32.281167 | AR56: 34.56925 | AS56: 38.598417 | AT56: 38.035328 | AU56: 32.738518 | AV56: 28.209 | AW56: 25.69975 | AX56: 23.957417 | AY56: 22.595583 | AZ56: 20.293667 | BA56: 17.071667 | BB56: 19.063 | BC56: 19.09825 | BD56: 17.695917 | BE56: 19.5775 | BF56: 19.570583 | BG56: 20.7575 | BH56: 24.59875 | BI56: 24.439917 | BJ56: 23.376333 | BK56: 21.729917 | BL56: 22.93225 | BM56: 23.21025 | BN56: 21.678167 | BO56: 23.357 | BP56: 22.198083 | BQ56: 23.216833
A57: Germany | B57: DEU | C57: Official exchange rate (LCU per US$, period average) | D57: PA.NUS.FCRF | E57: 4.2 | F57: 4.0333333 | G57: 4 | H57: 4 | I57: 4 | J57: 4 | K57: 4 | L57: 4 | M57: 4 | N57: 3.9433333 | O57: 3.66 | P57: 3.5073935 | Q57: 3.1886417 | R57: 2.6726 | S57: 2.58775 | T57: 2.4602917 | U57: 2.518 | V57: 2.3221833 | W57: 2.008625 | X57: 1.8328833 | Y57: 1.8176667 | Z57: 2.26 | AA57: 2.4265917 | AB57: 2.5532583 | AC57: 2.8459417 | AD57: 2.9439667 | AE57: 2.1714833 | AF57: 1.7973917 | AG57: 1.756225 | AH57: 1.8800417 | AI57: 1.6157333 | AJ57: 1.6595417 | AK57: 1.56165 | AL57: 1.6533208 | AM57: 1.6227942 | AN57: 1.4331325 | AO57: 1.5047742 | AP57: 1.7340558 | AQ57: 1.7596676 | AR57: 0.93828307 | AS57: 1.0827051 | AT57: 1.1165331 | AU57: 1.057559 | AV57: 0.88404793 | AW57: 0.80392165 | AX57: 0.80380019 | AY57: 0.79643273 | AZ57: 0.7296724 | BA57: 0.67992268 | BB57: 0.7169577 | BC57: 0.75430899 | BD57: 0.7184139 | BE57: 0.77833812 | BF57: 0.75294512 | BG57: 0.7527282 | BH57: 0.90129642 | BI57: 0.90342144 | BJ57: 0.88520551 | BK57: 0.84677267 | BL57: 0.89327626 | BM57: 0.8755064 | BN57: 0.84549414 | BO57: 0.94962375 | BP57: 0.92483956 | BQ57: 0.92388955
A58: Djibouti | B58: DJI | C58: Official exchange rate (LCU per US$, period average) | D58: PA.NUS.FCRF | E58: 214.392 | F58: 214.392 | G58: 214.392 | H58: 214.392 | I58: 214.392 | J58: 214.392 | K58: 214.392 | L58: 214.392 | M58: 214.392 | N58: 214.392 | O58: 214.392 | P58: 213.77875 | Q58: 197.466 | R58: 179.94233 | S58: 177.721 | T58: 177.721 | U58: 177.721 | V58: 177.721 | W58: 177.721 | X58: 177.721 | Y58: 177.721 | Z58: 177.721 | AA58: 177.721 | AB58: 177.721 | AC58: 177.721 | AD58: 177.721 | AE58: 177.721 | AF58: 177.721 | AG58: 177.721 | AH58: 177.721 | AI58: 177.721 | AJ58: 177.721 | AK58: 177.721 | AL58: 177.721 | AM58: 177.721 | AN58: 177.721 | AO58: 177.721 | AP58: 177.721 | AQ58: 177.721 | AR58: 177.721 | AS58: 177.721 | AT58: 177.721 | AU58: 177.721 | AV58: 177.721 | AW58: 177.721 | AX58: 177.721 | AY58: 177.721 | AZ58: 177.721 | BA58: 177.721 | BB58: 177.721 | BC58: 177.721 | BD58: 177.721 | BE58: 177.721 | BF58: 177.721 | BG58: 177.721 | BH58: 177.721 | BI58: 177.721 | BJ58: 177.721 | BK58: 177.721 | BL58: 177.721 | BM58: 177.721 | BN58: 177.721 | BO58: 177.721 | BP58: 177.721 | BQ58: 177.721
A59: Dominica | B59: DMA | C59: Official exchange rate (LCU per US$, period average) | D59: PA.NUS.FCRF | E59: 1.71429 | F59: 1.71429 | G59: 1.71429 | H59: 1.71429 | I59: 1.71429 | J59: 1.71429 | K59: 1.71429 | L59: 1.7619083 | M59: 2 | N59: 2 | O59: 2 | P59: 1.9748727 | Q59: 1.9212781 | R59: 1.9592192 | S59: 2.0532324 | T59: 2.1697958 | U59: 2.6146708 | V59: 2.7 | W59: 2.7 | X59: 2.7 | Y59: 2.7 | Z59: 2.7 | AA59: 2.7 | AB59: 2.7 | AC59: 2.7 | AD59: 2.7 | AE59: 2.7 | AF59: 2.7 | AG59: 2.7 | AH59: 2.7 | AI59: 2.7 | AJ59: 2.7 | AK59: 2.7 | AL59: 2.7 | AM59: 2.7 | AN59: 2.7 | AO59: 2.7 | AP59: 2.7 | AQ59: 2.7 | AR59: 2.7 | AS59: 2.7 | AT59: 2.7 | AU59: 2.7 | AV59: 2.7 | AW59: 2.7 | AX59: 2.7 | AY59: 2.7 | AZ59: 2.7 | BA59: 2.7 | BB59: 2.7 | BC59: 2.7 | BD59: 2.7 | BE59: 2.7 | BF59: 2.7 | BG59: 2.7 | BH59: 2.7 | BI59: 2.7 | BJ59: 2.7 | BK59: 2.7 | BL59: 2.7 | BM59: 2.7 | BN59: 2.7 | BO59: 2.7 | BP59: 2.7 | BQ59: 2.7
A60: Denmark | B60: DNK | C60: Official exchange rate (LCU per US$, period average) | D60: PA.NUS.FCRF | E60: 6.90714 | F60: 6.90714 | G60: 6.90714 | H60: 6.90714 | I60: 6.90714 | J60: 6.90714 | K60: 6.90714 | L60: 6.9565417 | M60: 7.5 | N60: 7.5 | O60: 7.5 | P60: 7.426338 | Q60: 6.9492917 | R60: 6.0495 | S60: 6.0949 | T60: 5.74615 | U60: 6.045025 | V60: 6.0031917 | W60: 5.514625 | X60: 5.2609583 | Y60: 5.6359417 | Z60: 7.1233667 | AA60: 8.3324417 | AB60: 9.1449917 | AC60: 10.356592 | AD60: 10.596392 | AE60: 8.0909917 | AF60: 6.8403167 | AG60: 6.731525 | AH60: 7.310175 | AI60: 6.1885583 | AJ60: 6.3964583 | AK60: 6.0361333 | AL60: 6.4839392 | AM60: 6.3605517 | AN60: 5.6023667 | AO60: 5.7986717 | AP60: 6.6044592 | AQ60: 6.7008267 | AR60: 6.97624 | AS60: 8.0831442 | AT60: 8.3228175 | AU60: 7.8947142 | AV60: 6.5876733 | AW60: 5.9910567 | AX60: 5.99691 | AY60: 5.9467783 | AZ60: 5.4437008 | BA60: 5.0981308 | BB60: 5.3608667 | BC60: 5.624075 | BD60: 5.3687115 | BE60: 5.7924755 | BF60: 5.6163117 | BG60: 5.6124667 | BH60: 6.7279068 | BI60: 6.7317183 | BJ60: 6.6028935 | BK60: 6.3146188 | BL60: 6.6694466 | BM60: 6.5421522 | BN60: 6.2871131 | BO60: 7.0761519 | BP60: 6.8897026 | BQ60: 6.8944814
A61: Dominican Republic | B61: DOM | C61: Official exchange rate (LCU per US$, period average) | D61: PA.NUS.FCRF | E61: 1 | F61: 1 | G61: 1 | H61: 1 | I61: 1 | J61: 1 | K61: 1 | L61: 1 | M61: 1 | N61: 1 | O61: 1 | P61: 1 | Q61: 1 | R61: 1 | S61: 1 | T61: 1 | U61: 1 | V61: 1 | W61: 1 | X61: 1 | Y61: 1 | Z61: 1 | AA61: 1 | AB61: 1 | AC61: 1 | AD61: 3.1126083 | AE61: 2.9043333 | AF61: 3.8447583 | AG61: 6.1125167 | AH61: 6.34 | AI61: 8.5253 | AJ61: 12.575919 | AK61: 12.5 | AL61: 12.5 | AM61: 12.61678 | AN61: 12.87 | AO61: 12.896349 | AP61: 14.005921 | AQ61: 14.703111 | AR61: 15.83443 | AS61: 16.181458 | AT61: 16.690962 | AU61: 17.593044 | AV61: 29.37 | AW61: 41.930315 | AX61: 30.282808 | AY61: 33.300035 | AZ61: 33.171871 | BA61: 34.529361 | BB61: 35.971866 | BC61: 36.821292 | BD61: 38.087585 | BE61: 39.320301 | BF61: 41.794503 | BG61: 43.549673 | BH61: 45.045499 | BI61: 46.064444 | BJ61: 47.534358 | BK61: 49.509993 | BL61: 51.294858 | BM61: 56.524533 | BN61: 57.221117 | BO61: 55.140992 | BP61: 56.1576 | BQ61: 59.565133
A62: Algeria | B62: DZA | C62: Official exchange rate (LCU per US$, period average) | D62: PA.NUS.FCRF | E62: 4.93706 | F62: 4.93706 | G62: 4.93706 | H62: 4.93706 | I62: 4.93706 | J62: 4.93706 | K62: 4.93706 | L62: 4.93706 | M62: 4.93706 | N62: 4.93706 | O62: 4.93706 | P62: 4.9126383 | Q62: 4.480515 | R62: 3.9624954 | S62: 4.18075 | T62: 3.9494083 | U62: 4.163825 | V62: 4.1467583 | W62: 3.9659 | X62: 3.8532667 | Y62: 3.83745 | Z62: 4.3158083 | AA62: 4.5921917 | AB62: 4.7888 | AC62: 4.983375 | AD62: 5.0278 | AE62: 4.7023167 | AF62: 4.8497417 | AG62: 5.9147667 | AH62: 7.6085583 | AI62: 8.9575083 | AJ62: 18.472875 | AK62: 21.836075 | AL62: 23.345407 | AM62: 35.058501 | AN62: 47.662727 | AO62: 54.748933 | AP62: 57.70735 | AQ62: 58.738958 | AR62: 66.573875 | AS62: 75.259792 | AT62: 77.215021 | AU62: 79.6819 | AV62: 77.394975 | AW62: 72.06065 | AX62: 73.276308 | AY62: 72.646617 | AZ62: 69.2924 | BA62: 64.5828 | BB62: 72.647417 | BC62: 74.385983 | BD62: 72.937883 | BE62: 77.535967 | BF62: 79.3684 | BG62: 80.579017 | BH62: 100.69143 | BI62: 109.44307 | BJ62: 110.97302 | BK62: 116.59379 | BL62: 119.35356 | BM62: 126.7768 | BN62: 135.06406 | BO62: 141.99498 | BP62: 135.84293 | BQ62: 134.05324
A63: East Asia & Pacific (excluding high income) | B63: EAP | C63: Official exchange rate (LCU per US$, period average) | D63: PA.NUS.FCRF
A64: Early-demographic dividend | B64: EAR | C64: Official exchange rate (LCU per US$, period average) | D64: PA.NUS.FCRF
A65: East Asia & Pacific | B65: EAS | C65: Official exchange rate (LCU per US$, period average) | D65: PA.NUS.FCRF
A66: Europe & Central Asia (excluding high income) | B66: ECA | C66: Official exchange rate (LCU per US$, period average) | D66: PA.NUS.FCRF
A67: Europe & Central Asia | B67: ECS | C67: Official exchange rate (LCU per US$, period average) | D67: PA.NUS.FCRF
A68: Ecuador | B68: ECU | C68: Official exchange rate (LCU per US$, period average) | D68: PA.NUS.FCRF | E68: 15 | F68: 16.5 | G68: 18 | H68: 18 | I68: 18 | J68: 18 | K68: 18 | L68: 18 | M68: 18 | N68: 18 | O68: 20.916667 | P68: 25 | Q68: 25.000138 | R68: 24.999977 | S68: 24.999979 | T68: 25 | U68: 25 | V68: 25 | W68: 25 | X68: 25 | Y68: 25 | Z68: 25 | AA68: 30.025833 | AB68: 44.115008 | AC68: 62.5359 | AD68: 69.55625 | AE68: 122.77924 | AF68: 170.46167 | AG68: 301.61083 | AH68: 526.34833 | AI68: 767.75083 | AJ68: 1046.2493 | AK68: 1533.9617 | AL68: 1919.105 | AM68: 2196.7283 | AN68: 2564.4942 | AO68: 3189.4742 | AP68: 3998.2667 | AQ68: 5446.5729 | AR68: 11786.802 | AS68: 1 | AT68: 1 | AU68: 1 | AV68: 1 | AW68: 1 | AX68: 1 | AY68: 1 | AZ68: 1 | BA68: 1 | BB68: 1 | BC68: 1 | BD68: 1 | BE68: 1 | BF68: 1 | BG68: 1 | BH68: 1 | BI68: 1 | BJ68: 1 | BK68: 1 | BL68: 1 | BM68: 1 | BN68: 1 | BO68: 1 | BP68: 1 | BQ68: 1
A69: Egypt, Arab Rep. | B69: EGY | C69: Official exchange rate (LCU per US$, period average) | D69: PA.NUS.FCRF | E69: 0.348242 | F69: 0.348242 | G69: 0.40448913 | H69: 0.43478261 | I69: 0.43478261 | J69: 0.43478261 | K69: 0.43478261 | L69: 0.43478261 | M69: 0.43478261 | N69: 0.43478261 | O69: 0.43478261 | P69: 0.43478264 | Q69: 0.43478261 | R69: 0.39795624 | S69: 0.39130367 | T69: 0.39130367 | U69: 0.39130367 | V69: 0.39130367 | W69: 0.39130367 | X69: 0.7000007 | Y69: 0.7000007 | Z69: 0.7000007 | AA69: 0.7000007 | AB69: 0.7000007 | AC69: 0.7000007 | AD69: 0.7000007 | AE69: 0.7000007 | AF69: 0.7000007 | AG69: 0.7000007 | AH69: 0.86666667 | AI69: 1.55 | AJ69: 3.1380083 | AK69: 3.3217483 | AL69: 3.3525175 | AM69: 3.3851333 | AN69: 3.3922083 | AO69: 3.3914833 | AP69: 3.38875 | AQ69: 3.388 | AR69: 3.39525 | AS69: 3.47205 | AT69: 3.973 | AU69: 4.4996667 | AV69: 5.850875 | AW69: 6.1962417 | AX69: 5.7788333 | AY69: 5.7331667 | AZ69: 5.6354333 | BA69: 5.4325 | BB69: 5.5445533 | BC69: 5.6219429 | BD69: 5.9328277 | BE69: 6.0560583 | BF69: 6.870325 | BG69: 7.0776086 | BH69: 7.6912583 | BI69: 10.025401 | BJ69: 17.782534 | BK69: 17.76729 | BL69: 16.770582 | BM69: 15.759173 | BN69: 15.644527 | BO69: 19.16044 | BP69: 30.626414 | BQ69: 45.29926
A70: Euro area | B70: EMU | C70: Official exchange rate (LCU per US$, period average) | D70: PA.NUS.FCRF | AR70: 0.93828307 | AS70: 1.0827051 | AT70: 1.1165331 | AU70: 1.057559 | AV70: 0.88404793 | AW70: 0.80392165 | AX70: 0.80380019 | AY70: 0.79643273 | AZ70: 0.7296724 | BA70: 0.67992268 | BB70: 0.7169577 | BC70: 0.75430899 | BD70: 0.7184139 | BE70: 0.77833812 | BF70: 0.75294512 | BG70: 0.7527282 | BH70: 0.90129642 | BI70: 0.90342144 | BJ70: 0.88520551 | BK70: 0.84677267 | BL70: 0.89327626 | BM70: 0.8755064 | BN70: 0.84549414 | BO70: 0.94962375 | BP70: 0.92483956 | BQ70: 0.92388955
A71: Eritrea | B71: ERI | C71: Official exchange rate (LCU per US$, period average) | D71: PA.NUS.FCRF | E71: 2.4866905 | F71: 2.4866905 | G71: 2.4866905 | H71: 2.4879833 | I71: 2.5022042 | J71: 2.5022042 | K71: 2.5022042 | L71: 2.5022042 | M71: 2.5022042 | N71: 2.5022042 | O71: 2.5022042 | P71: 2.4956734 | Q71: 2.3020279 | R71: 2.1006004 | S71: 2.0718251 | T71: 2.0718251 | U71: 2.0718251 | V71: 2.0718251 | W71: 2.0718251 | X71: 2.0718251 | Y71: 2.0718251 | Z71: 2.0718251 | AA71: 2.0718251 | AB71: 2.0718251 | AC71: 2.0718251 | AD71: 2.0718251 | AE71: 2.0718251 | AF71: 2.0718251 | AG71: 2.0718251 | AH71: 2.0718251 | AI71: 2.0718251 | AJ71: 2.0718251 | AK71: 2.8049709 | AL71: 5.0044084 | AM71: 5.4698184 | AN71: 6.163763 | AO71: 6.3572751 | AP71: 6.7588218 | AQ71: 7.3619304 | AR71: 8.1526333 | AS71: 9.625 | AT71: 11.309452 | AU71: 13.958194 | AV71: 13.877891 | AW71: 13.7875 | AX71: 15.367917 | AY71: 15.375 | AZ71: 15.375 | BA71: 15.375 | BB71: 15.375 | BC71: 15.375 | BD71: 15.375 | BE71: 15.375 | BF71: 15.375 | BG71: 15.375 | BH71: 15.375 | BI71: 15.35 | BJ71: 15.075 | BK71: 15.075 | BL71: 15.075 | BM71: 15.075 | BN71: 15.075 | BO71: 15.075 | BP71: 15.075 | BQ71: 15.075
A72: Spain | B72: ESP | C72: Official exchange rate (LCU per US$, period average) | D72: PA.NUS.FCRF | E72: 60 | F72: 60 | G72: 60 | H72: 60 | I72: 60 | J72: 60 | K72: 60 | L72: 61.666667 | M72: 70 | N72: 70 | O72: 70 | P72: 69.468667 | Q72: 64.271417 | R72: 58.260083 | S72: 57.6865 | T72: 57.406917 | U72: 66.902917 | V72: 75.961833 | W72: 76.667833 | X72: 67.125 | Y72: 71.701917 | Z72: 92.321833 | AA72: 109.85917 | AB72: 143.42992 | AC72: 160.761 | AD72: 170.04408 | AE72: 140.04838 | AF72: 123.47833 | AG72: 116.48683 | AH72: 118.37767 | AI72: 101.93392 | AJ72: 103.91158 | AK72: 102.37908 | AL72: 127.26042 | AM72: 133.95795 | AN72: 124.689 | AO72: 126.66158 | AP72: 146.41363 | AQ72: 149.39533 | AR72: 0.93828307 | AS72: 1.0827051 | AT72: 1.1165331 | AU72: 1.057559 | AV72: 0.88404793 | AW72: 0.80392165 | AX72: 0.80380019 | AY72: 0.79643273 | AZ72: 0.7296724 | BA72: 0.67992268 | BB72: 0.7169577 | BC72: 0.75430899 | BD72: 0.7184139 | BE72: 0.77833812 | BF72: 0.75294512 | BG72: 0.7527282 | BH72: 0.90129642 | BI72: 0.90342144 | BJ72: 0.88520551 | BK72: 0.84677267 | BL72: 0.89327626 | BM72: 0.8755064 | BN72: 0.84549414 | BO72: 0.94962375 | BP72: 0.92483956 | BQ72: 0.92388955
A73: Estonia | B73: EST | C73: Official exchange rate (LCU per US$, period average) | D73: PA.NUS.FCRF | AL73: 13.22275 | AM73: 12.99125 | AN73: 11.46475 | AO73: 12.038 | AP73: 13.88175 | AQ73: 14.074667 | AR73: 14.677583 | AS73: 16.968637 | AT73: 17.478072 | AU73: 16.611792 | AV73: 13.856411 | AW73: 12.595564 | AX73: 12.583787 | AY73: 12.465484 | AZ73: 11.433853 | BA73: 10.694443 | BB73: 11.257431 | BC73: 11.806848 | BD73: 0.7184139 | BE73: 0.77833812 | BF73: 0.75294512 | BG73: 0.7527282 | BH73: 0.90129642 | BI73: 0.90342144 | BJ73: 0.88520551 | BK73: 0.84677267 | BL73: 0.89327626 | BM73: 0.8755064 | BN73: 0.84549414 | BO73: 0.94962375 | BP73: 0.92483956 | BQ73: 0.92388955
A74: Ethiopia | B74: ETH | C74: Official exchange rate (LCU per US$, period average) | D74: PA.NUS.FCRF | E74: 2.48447 | F74: 2.48447 | G74: 2.48447 | H74: 2.48447 | I74: 2.5 | J74: 2.5 | K74: 2.5 | L74: 2.5 | M74: 2.5 | N74: 2.5 | O74: 2.5 | P74: 2.493475 | Q74: 2.3 | R74: 2.09875 | S74: 2.07 | T74: 2.07 | U74: 2.07 | V74: 2.07 | W74: 2.07 | X74: 2.07 | Y74: 2.07 | Z74: 2.07 | AA74: 2.07 | AB74: 2.07 | AC74: 2.07 | AD74: 2.07 | AE74: 2.07 | AF74: 2.07 | AG74: 2.07 | AH74: 2.07 | AI74: 2.07 | AJ74: 2.07 | AK74: 2.8025 | AL74: 5 | AM74: 5.465 | AN74: 6.1583333 | AO74: 6.351675 | AP74: 6.7093417 | AQ74: 7.1159083 | AR74: 7.94225 | AS74: 8.2172583 | AT74: 8.4574917 | AU74: 8.56775 | AV74: 8.5996833 | AW74: 8.6355833 | AX74: 8.6664417 | AY74: 8.6986158 | AZ74: 8.96595 | BA74: 9.5997417 | BB74: 11.7776 | BC74: 14.40959 | BD74: 16.899226 | BE74: 17.704761 | BF74: 18.626629 | BG74: 19.58579 | BH74: 20.576849 | BI74: 21.731547 | BJ74: 23.866104 | BK74: 27.429387 | BL74: 29.06975 | BM74: 34.927165 | BN74: 43.733778 | BO74: 51.756215 | BP74: 54.600948 | BQ74: 82.601336
A75: European Union | B75: EUU | C75: Official exchange rate (LCU per US$, period average) | D75: PA.NUS.FCRF
A76: Fragile and conflict affected situations | B76: FCS | C76: Official exchange rate (LCU per US$, period average) | D76: PA.NUS.FCRF
A77: Finland | B77: FIN | C77: Official exchange rate (LCU per US$, period average) | D77: PA.NUS.FCRF | E77: 3.2 | F77: 3.2 | G77: 3.2 | H77: 3.2 | I77: 3.2 | J77: 3.2 | K77: 3.2 | L77: 3.4499925 | M77: 4.19997 | N77: 4.19997 | O77: 4.19997 | P77: 4.1844178 | Q77: 4.1463333 | R77: 3.8211667 | S77: 3.77375 | T77: 3.6786667 | U77: 3.8644167 | V77: 4.0294167 | W77: 4.1173333 | X77: 3.8953333 | Y77: 3.7300833 | Z77: 4.31525 | AA77: 4.8204167 | AB77: 5.5700833 | AC77: 6.01 | AD77: 6.1978958 | AE77: 5.06952 | AF77: 4.395565 | AG77: 4.1828333 | AH77: 4.2912158 | AI77: 3.823505 | AJ77: 4.0439792 | AK77: 4.47944 | AL77: 5.7122917 | AM77: 5.2235125 | AN77: 4.3666667 | AO77: 4.59355 | AP77: 5.191435 | AQ77: 5.3440658 | AR77: 0.93828307 | AS77: 1.0827051 | AT77: 1.1165331 | AU77: 1.057559 | AV77: 0.88404793 | AW77: 0.80392165 | AX77: 0.80380019 | AY77: 0.79643273 | AZ77: 0.7296724 | BA77: 0.67992268 | BB77: 0.7169577 | BC77: 0.75430899 | BD77: 0.7184139 | BE77: 0.77833812 | BF77: 0.75294512 | BG77: 0.7527282 | BH77: 0.90129642 | BI77: 0.90342144 | BJ77: 0.88520551 | BK77: 0.84677267 | BL77: 0.89327626 | BM77: 0.8755064 | BN77: 0.84549414 | BO77: 0.94962375 | BP77: 0.92483956 | BQ77: 0.92388955
A78: Fiji | B78: FJI | C78: Official exchange rate (LCU per US$, period average) | D78: PA.NUS.FCRF | E78: 0.792858 | F78: 0.792858 | G78: 0.792858 | H78: 0.792858 | I78: 0.792858 | J78: 0.792858 | K78: 0.792858 | L78: 0.805854 | M78: 0.870834 | N78: 0.870834 | O78: 0.870834 | P78: 0.85882323 | Q78: 0.82518371 | R78: 0.79422383 | S78: 0.80560383 | T78: 0.82188306 | U78: 0.8977154 | V78: 0.91744033 | W78: 0.84677075 | X78: 0.83574325 | Y78: 0.81796467 | Z78: 0.85462658 | AA78: 0.93244867 | AB78: 1.0170203 | AC78: 1.0825967 | AD78: 1.1535542 | AE78: 1.1328658 | AF78: 1.2438583 | AG78: 1.4302583 | AH78: 1.4833333 | AI78: 1.4809083 | AJ78: 1.4755575 | AK78: 1.5029908 | AL78: 1.541775 | AM78: 1.464125 | AN78: 1.4063333 | AO78: 1.4033 | AP78: 1.443675 | AQ78: 1.9868167 | AR78: 1.969625 | AS78: 2.128625 | AT78: 2.2766029 | AU78: 2.1867834 | AV78: 1.8957684 | AW78: 1.7331017 | AX78: 1.6910462 | AY78: 1.7312649 | AZ78: 1.6104138 | BA78: 1.5940344 | BB78: 1.958095 | BC78: 1.9185087 | BD78: 1.7908838 | BE78: 1.7898928 | BF78: 1.8414766 | BG78: 1.8873454 | BH78: 2.0976298 | BI78: 2.0946959 | BJ78: 2.0668753 | BK78: 2.0873798 | BL78: 2.1603931 | BM78: 2.1688049 | BN78: 2.0706333 | BO78: 2.201407 | BP78: 2.250125 | BQ78: 2.2683
A79: France | B79: FRA | C79: Official exchange rate (LCU per US$, period average) | D79: PA.NUS.FCRF | E79: 4.93706 | F79: 4.93706 | G79: 4.93706 | H79: 4.93706 | I79: 4.93706 | J79: 4.93706 | K79: 4.93706 | L79: 4.93706 | M79: 4.93706 | N79: 5.1941975 | O79: 5.55419 | P79: 5.5406014 | Q79: 5.0445445 | R79: 4.4527797 | S79: 4.8096185 | T79: 4.2877995 | U79: 4.8028784 | V79: 4.9051733 | W79: 4.5131 | X79: 4.2544167 | Y79: 4.225575 | Z79: 5.4346083 | AA79: 6.5721 | AB79: 7.6212917 | AC79: 8.7391 | AD79: 8.985225 | AE79: 6.9260917 | AF79: 6.0107083 | AG79: 5.9569417 | AH79: 6.3801417 | AI79: 5.445275 | AJ79: 5.6421167 | AK79: 5.2938158 | AL79: 5.66323 | AM79: 5.552045 | AN79: 4.9914825 | AO79: 5.1155225 | AP79: 5.8366917 | AQ79: 5.8995157 | AR79: 0.93828307 | AS79: 1.0827051 | AT79: 1.1165331 | AU79: 1.057559 | AV79: 0.88404793 | AW79: 0.80392165 | AX79: 0.80380019 | AY79: 0.79643273 | AZ79: 0.7296724 | BA79: 0.67992268 | BB79: 0.7169577 | BC79: 0.75430899 | BD79: 0.7184139 | BE79: 0.77833812 | BF79: 0.75294512 | BG79: 0.7527282 | BH79: 0.90129642 | BI79: 0.90342144 | BJ79: 0.88520551 | BK79: 0.84677267 | BL79: 0.89327626 | BM79: 0.8755064 | BN79: 0.84549414 | BO79: 0.94962375 | BP79: 0.92483956 | BQ79: 0.92388955
A80: Faroe Islands | B80: FRO | C80: Official exchange rate (LCU per US$, period average) | D80: PA.NUS.FCRF | E80: 6.90714 | F80: 6.90714 | G80: 6.90714 | H80: 6.90714 | I80: 6.90714 | J80: 6.90714 | K80: 6.90714 | L80: 6.956545 | M80: 7.5 | N80: 7.5 | O80: 7.5 | P80: 7.426338 | Q80: 6.9492917 | R80: 6.0495 | S80: 6.0949 | T80: 5.74615 | U80: 6.045025 | V80: 6.0031917 | W80: 5.514625 | X80: 5.2609583 | Y80: 5.6359417 | Z80: 7.1233667 | AA80: 8.3324417 | AB80: 9.1449917 | AC80: 10.356592 | AD80: 10.596392 | AE80: 8.0909917 | AF80: 6.8403167 | AG80: 6.731525 | AH80: 7.310175 | AI80: 6.1885583 | AJ80: 6.3964583 | AK80: 6.0361333 | AL80: 6.4839392 | AM80: 6.3605517 | AN80: 5.6023667 | AO80: 5.7986717 | AP80: 6.6044592 | AQ80: 6.7008267 | AR80: 6.97624 | AS80: 8.0831442 | AT80: 8.3228175 | AU80: 7.8947142 | AV80: 6.5876733 | AW80: 5.9910567 | AX80: 5.99691 | AY80: 5.9467783 | AZ80: 5.4437008 | BA80: 5.0981308 | BB80: 5.3608667 | BC80: 5.624075 | BD80: 5.3687115 | BE80: 5.7924755 | BF80: 5.6163117 | BG80: 5.6124667 | BH80: 6.7279068 | BI80: 6.7317183 | BJ80: 6.6028935 | BK80: 6.3146188 | BL80: 6.6694466 | BM80: 6.5421522 | BN80: 6.2871131 | BO80: 7.0761519 | BP80: 6.8897026 | BQ80: 6.8944814
A81: Micronesia, Fed. Sts. | B81: FSM | C81: Official exchange rate (LCU per US$, period average) | D81: PA.NUS.FCRF | E81: 1 | F81: 1 | G81: 1 | H81: 1 | I81: 1 | J81: 1 | K81: 1 | L81: 1 | M81: 1 | N81: 1 | O81: 1 | P81: 1 | Q81: 1 | R81: 1 | S81: 1 | T81: 1 | U81: 1 | V81: 1 | W81: 1 | X81: 1 | Y81: 1 | Z81: 1 | AA81: 1 | AB81: 1 | AC81: 1 | AD81: 1 | AE81: 1 | AF81: 1 | AG81: 1 | AH81: 1 | AI81: 1 | AJ81: 1 | AK81: 1 | AL81: 1 | AM81: 1 | AN81: 1 | AO81: 1 | AP81: 1 | AQ81: 1 | AR81: 1 | AS81: 1 | AT81: 1 | AU81: 1 | AV81: 1 | AW81: 1 | AX81: 1 | AY81: 1 | AZ81: 1 | BA81: 1 | BB81: 1 | BC81: 1 | BD81: 1 | BE81: 1 | BF81: 1 | BG81: 1 | BH81: 1 | BI81: 1 | BJ81: 1 | BK81: 1 | BL81: 1 | BM81: 1 | BN81: 1 | BO81: 1 | BP81: 1 | BQ81: 1
A82: Gabon | B82: GAB | C82: Official exchange rate (LCU per US$, period average) | D82: PA.NUS.FCRF | E82: 245.1951 | F82: 245.2601 | G82: 245.01385 | H82: 245.01635 | I82: 245.02718 | J82: 245.06093 | K82: 245.67844 | L82: 246.00094 | M82: 247.56469 | N82: 259.96057 | O82: 276.40314 | P82: 275.35646 | Q82: 252.02763 | R82: 222.88918 | S82: 240.70467 | T82: 214.3129 | U82: 238.95049 | V82: 245.67969 | W82: 225.65586 | X82: 212.72164 | Y82: 211.27956 | Z82: 271.73145 | AA82: 328.60625 | AB82: 381.06604 | AC82: 436.95667 | AD82: 449.26296 | AE82: 346.3059 | AF82: 300.53656 | AG82: 297.84822 | AH82: 319.0083 | AI82: 272.26479 | AJ82: 282.10691 | AK82: 264.6918 | AL82: 283.16258 | AM82: 555.2047 | AN82: 499.14843 | AO82: 511.55243 | AP82: 583.66937 | AQ82: 589.95177 | AR82: 615.47335 | AS82: 710.20798 | AT82: 732.39769 | AU82: 693.71323 | AV82: 579.89743 | AW82: 527.33803 | AX82: 527.25836 | AY82: 522.42562 | AZ82: 478.63372 | BA82: 446.00004 | BB82: 470.29342 | BC82: 494.79426 | BD82: 471.24863 | BE82: 510.55634 | BF82: 493.89962 | BG82: 493.75733 | BH82: 591.2117 | BI82: 592.60562 | BJ82: 580.65675 | BK82: 555.44646 | BL82: 585.91101 | BM82: 575.586 | BN82: 554.53068 | BO82: 623.7597 | BP82: 606.56975 | BQ82: 606.3453
A83: United Kingdom | B83: GBR | C83: Official exchange rate (LCU per US$, period average) | D83: PA.NUS.FCRF | E83: 0.357143 | F83: 0.357143 | G83: 0.357143 | H83: 0.357143 | I83: 0.357143 | J83: 0.357143 | K83: 0.357143 | L83: 0.36210333 | M83: 0.416667 | N83: 0.416667 | O83: 0.416667 | P83: 0.41092024 | Q83: 0.40039046 | R83: 0.40817095 | S83: 0.42775644 | T83: 0.45204117 | U83: 0.55650983 | V83: 0.573272 | W83: 0.52150458 | X83: 0.47218117 | Y83: 0.430295 | Z83: 0.49764133 | AA83: 0.57244683 | AB83: 0.65972458 | AC83: 0.75180667 | AD83: 0.779246 | AE83: 0.68219733 | AF83: 0.6119265 | AG83: 0.56217017 | AH83: 0.61117275 | AI83: 0.56317717 | AJ83: 0.56701533 | AK83: 0.56977417 | AL83: 0.66675655 | AM83: 0.6534266 | AN83: 0.63366812 | AO83: 0.64095826 | AP83: 0.61083611 | AQ83: 0.60382359 | AR83: 0.61805685 | AS83: 0.66093083 | AT83: 0.694655 | AU83: 0.66722333 | AV83: 0.6124725 | AW83: 0.54618 | AX83: 0.54999833 | AY83: 0.54348667 | AZ83: 0.49977167 | BA83: 0.54396625 | BB83: 0.64191926 | BC83: 0.64717935 | BD83: 0.62414084 | BE83: 0.63304699 | BF83: 0.63966058 | BG83: 0.60772963 | BH83: 0.65454548 | BI83: 0.74063446 | BJ83: 0.77697668 | BK83: 0.74953154 | BL83: 0.78344511 | BM83: 0.77999958 | BN83: 0.72706494 | BO83: 0.81130172 | BP83: 0.80453891 | BQ83: 0.78241458
A84: Georgia | B84: GEO | C84: Official exchange rate (LCU per US$, period average) | D84: PA.NUS.FCRF | AO84: 1.2628 | AP84: 1.2975 | AQ84: 1.3898167 | AR84: 2.0245167 | AS84: 1.9761667 | AT84: 2.0730167 | AU84: 2.195675 | AV84: 2.14565 | AW84: 1.91665 | AX84: 1.812675 | AY84: 1.7804333 | AZ84: 1.6704917 | BA84: 1.4907917 | BB84: 1.6704871 | BC84: 1.7823417 | BD84: 1.6864954 | BE84: 1.6512583 | BF84: 1.66335 | BG84: 1.7656667 | BH84: 2.2693417 | BI84: 2.366725 | BJ84: 2.5095417 | BK84: 2.5341108 | BL84: 2.818145 | BM84: 3.1090167 | BN84: 3.2215583 | BO84: 2.9162 | BP84: 2.6279583 | BQ84: 2.7206167
A85: Ghana | B85: GHA | C85: Official exchange rate (LCU per US$, period average) | D85: PA.NUS.FCRF | E85: 7.1391597e-05 | F85: 7.1391597e-05 | G85: 7.1391597e-05 | H85: 7.1391597e-05 | I85: 7.1391597e-05 | J85: 7.1391597e-05 | K85: 7.1391597e-05 | L85: 8.6081195e-05 | M85: 0.00010198514 | N85: 0.00010198514 | O85: 0.00010198514 | P85: 0.00010342936 | Q85: 0.00013326748 | R85: 0.00011643737 | S85: 0.00011493817 | T85: 0.00011493817 | U85: 0.00011493817 | V85: 0.00011493817 | W85: 0.00017626318 | X85: 0.00027485215 | Y85: 0.00027485215 | Z85: 0.00027485215 | AA85: 0.00027485215 | AB85: 0.00088252277 | AC85: 0.0035966844 | AD85: 0.0054335772 | AE85: 0.0089156207 | AF85: 0.015365068 | AG85: 0.020223705 | AH85: 0.026985484 | AI85: 0.032615622 | AJ85: 0.036763307 | AK85: 0.043685167 | AL85: 0.064871188 | AM85: 0.095568239 | AN85: 0.11991387 | AO85: 0.16354717 | AP85: 0.20479628 | AQ85: 0.2311659 | AR85: 0.26664297 | AS85: 0.54491918 | AT85: 0.71630516 | AU85: 0.79241708 | AV85: 0.86676433 | AW85: 0.89949485 | AX85: 0.90520949 | AY85: 0.9151068 | AZ85: 0.9326192 | BA85: 1.052275 | BB85: 1.4049667 | BC85: 1.4299833 | BD85: 1.520625 | BE85: 1.8248667 | BF85: 1.98135 | BG85: 2.896575 | BH85: 3.7146417 | BI85: 3.9098167 | BJ85: 4.3505333 | BK85: 4.585325 | BL85: 5.2173667 | BM85: 5.5957083 | BN85: 5.8057 | BO85: 8.2724 | BP85: 11.020408 | BQ85: 14.181942
A86: Gibraltar | B86: GIB | C86: Official exchange rate (LCU per US$, period average) | D86: PA.NUS.FCRF | E86: 0.357143 | F86: 0.357143 | G86: 0.357143 | H86: 0.357143 | I86: 0.357143 | J86: 0.357143 | K86: 0.357143 | L86: 0.36210333 | M86: 0.416667 | N86: 0.416667 | O86: 0.416667 | P86: 0.41092024 | Q86: 0.40039046 | R86: 0.40817095 | S86: 0.42775644 | T86: 0.45204117 | U86: 0.55650983 | V86: 0.573272 | W86: 0.52150458 | X86: 0.47218117 | Y86: 0.430295 | Z86: 0.49764133 | AA86: 0.57244683 | AB86: 0.65972458 | AC86: 0.75180667 | AD86: 0.779246 | AE86: 0.68219733 | AF86: 0.6119265 | AG86: 0.56217017 | AH86: 0.61117275 | AI86: 0.56317717 | AJ86: 0.56701533 | AK86: 0.56977417 | AL86: 0.66675655 | AM86: 0.6534266 | AN86: 0.63366812 | AO86: 0.64095826 | AP86: 0.61083611 | AQ86: 0.60382359 | AR86: 0.61805685 | AS86: 0.66093083 | AT86: 0.694655 | AU86: 0.66722333 | AV86: 0.6124725 | AW86: 0.54618 | AX86: 0.54999833 | AY86: 0.54348667 | AZ86: 0.49977167 | BA86: 0.54396625 | BB86: 0.64191926 | BC86: 0.64717935 | BD86: 0.62414084 | BE86: 0.63304699 | BF86: 0.63966058 | BG86: 0.60772963 | BH86: 0.65454548 | BI86: 0.74063446 | BJ86: 0.77697668 | BK86: 0.74953154 | BL86: 0.78344511 | BM86: 0.77999958 | BN86: 0.72706494 | BO86: 0.81130172 | BP86: 0.80453891 | BQ86: 0.78241458
A87: Guinea | B87: GIN | C87: Official exchange rate (LCU per US$, period average) | D87: PA.NUS.FCRF | E87: 24.685 | F87: 24.685 | G87: 24.685 | H87: 24.685 | I87: 24.685 | J87: 24.685 | K87: 24.685 | L87: 24.685 | M87: 24.685 | N87: 24.685 | O87: 24.685 | P87: 24.612752 | Q87: 22.736274 | R87: 20.716092 | S87: 20.556276 | T87: 20.673265 | U87: 21.381957 | V87: 21.144483 | W87: 19.723541 | X87: 19.107013 | Y87: 18.968893 | Z87: 20.948117 | AA87: 22.366029 | AB87: 23.095184 | AC87: 24.089944 | AD87: 24.333099 | AE87: 333.4525 | AF87: 428.4025 | AG87: 474.39583 | AH87: 591.64583 | AI87: 660.16667 | AJ87: 753.85808 | AK87: 902.00133 | AL87: 955.49033 | AM87: 976.63642 | AN87: 991.4115 | AO87: 1004.0166 | AP87: 1095.3255 | AQ87: 1236.8318 | AR87: 1387.4013 | AS87: 1746.8699 | AT87: 1950.5583 | AU87: 1975.8438 | AV87: 1984.9313 | AW87: 2243.9313 | AX87: 3644.3333 | AY87: 5148.75 | AZ87: 4197.752 | BA87: 4601.691 | BB87: 4801.0832 | BC87: 5726.071 | BD87: 6658.0313 | BE87: 6985.829 | BF87: 6907.8781 | BG87: 7014.1188 | BH87: 7485.5167 | BI87: 8967.9271 | BJ87: 9088.3195 | BK87: 9011.1342 | BL87: 9183.8759 | BM87: 9565.0822
A88: Gambia, The | B88: GMB | C88: Official exchange rate (LCU per US$, period average) | D88: PA.NUS.FCRF | E88: 1.7857107 | F88: 1.7857107 | G88: 1.7857107 | H88: 1.7857107 | I88: 1.7857107 | J88: 1.7857107 | K88: 1.7857107 | L88: 1.8353139 | M88: 2.08333 | N88: 2.08333 | O88: 2.08333 | P88: 2.0545983 | Q88: 2.0013328 | R88: 1.7024046 | S88: 1.7109268 | T88: 1.8080437 | U88: 2.2256731 | V88: 2.2930189 | W88: 2.0857453 | X88: 1.8884158 | Y88: 1.7209828 | Z88: 1.9901702 | AA88: 2.2895102 | AB88: 2.6385746 | AC88: 3.584058 | AD88: 3.8938738 | AE88: 6.9249711 | AF88: 7.0744001 | AG88: 6.7084232 | AH88: 7.5835829 | AI88: 7.8789922 | AJ88: 8.7331408 | AK88: 8.8957149 | AL88: 9.1144195 | AM88: 9.581771 | AN88: 9.5442648 | AO88: 9.7971735 | AP88: 10.200167 | AQ88: 10.6431 | AR88: 11.395092 | AS88: 12.787625 | AT88: 15.687158 | AU88: 19.917825 | AV88: 28.530508 | AW88: 30.030083 | AX88: 28.575433 | AY88: 28.065725 | AZ88: 24.873433 | BA88: 22.19235 | BB88: 26.644361 | BC88: 28.011954 | BD88: 29.46152 | BE88: 32.077134 | BF88: 35.957587 | BG88: 41.732962 | BH88: 42.506208 | BI88: 43.372528 | BJ88: 46.608909 | BK88: 48.151781 | BL88: 50.062461 | BM88: 51.50166 | BN88: 51.484444 | BO88: 54.923467 | BP88: 61.096333 | BQ88: 67.661238
A89: Guinea-Bissau | B89: GNB | C89: Official exchange rate (LCU per US$, period average) | D89: PA.NUS.FCRF | E89: 245.1951 | F89: 245.2601 | G89: 245.01385 | H89: 245.01635 | I89: 245.02718 | J89: 245.06093 | K89: 245.67844 | L89: 246.00094 | M89: 247.56469 | N89: 259.96057 | O89: 276.40314 | P89: 275.35646 | Q89: 252.02763 | R89: 222.88918 | S89: 240.70467 | T89: 214.3129 | U89: 238.95049 | V89: 245.67969 | W89: 225.65586 | X89: 212.72164 | Y89: 211.27956 | Z89: 271.73145 | AA89: 328.60625 | AB89: 381.06604 | AC89: 436.95667 | AD89: 449.26296 | AE89: 346.3059 | AF89: 300.53656 | AG89: 297.84822 | AH89: 319.0083 | AI89: 272.26479 | AJ89: 282.10691 | AK89: 264.6918 | AL89: 283.16258 | AM89: 555.2047 | AN89: 499.14843 | AO89: 511.55243 | AP89: 583.66937 | AQ89: 589.95177 | AR89: 615.47335 | AS89: 710.20798 | AT89: 732.39769 | AU89: 693.71323 | AV89: 579.89743 | AW89: 527.33803 | AX89: 527.25836 | AY89: 522.42562 | AZ89: 478.63372 | BA89: 446.00004 | BB89: 470.29342 | BC89: 494.79426 | BD89: 471.24863 | BE89: 510.55634 | BF89: 493.89962 | BG89: 493.75733 | BH89: 591.2117 | BI89: 592.60562 | BJ89: 580.65675 | BK89: 555.44646 | BL89: 585.91101 | BM89: 575.586 | BN89: 554.53068 | BO89: 623.7597 | BP89: 606.56975 | BQ89: 606.3453
A90: Equatorial Guinea | B90: GNQ | C90: Official exchange rate (LCU per US$, period average) | D90: PA.NUS.FCRF | E90: 245.1951 | F90: 245.2601 | G90: 245.01385 | H90: 245.01635 | I90: 245.02718 | J90: 245.06093 | K90: 245.67844 | L90: 246.00094 | M90: 247.56469 | N90: 259.96057 | O90: 276.40314 | P90: 275.35646 | Q90: 252.02763 | R90: 222.88918 | S90: 240.70467 | T90: 214.3129 | U90: 238.95049 | V90: 245.67969 | W90: 225.65586 | X90: 212.72164 | Y90: 211.27956 | Z90: 271.73145 | AA90: 328.60625 | AB90: 381.06604 | AC90: 436.95667 | AD90: 449.26296 | AE90: 346.3059 | AF90: 300.53656 | AG90: 297.84822 | AH90: 319.0083 | AI90: 272.26479 | AJ90: 282.10691 | AK90: 264.6918 | AL90: 283.16258 | AM90: 555.2047 | AN90: 499.14843 | AO90: 511.55243 | AP90: 583.66937 | AQ90: 589.95177 | AR90: 615.47335 | AS90: 710.20798 | AT90: 732.39769 | AU90: 693.71323 | AV90: 579.89743 | AW90: 527.33803 | AX90: 527.25836 | AY90: 522.42562 | AZ90: 478.63372 | BA90: 446.00004 | BB90: 470.29342 | BC90: 494.79426 | BD90: 471.24863 | BE90: 510.55634 | BF90: 493.89962 | BG90: 493.75733 | BH90: 591.2117 | BI90: 592.60562 | BJ90: 580.65675 | BK90: 555.44646 | BL90: 585.91101 | BM90: 575.586 | BN90: 554.53068 | BO90: 623.7597 | BP90: 606.56975 | BQ90: 606.3453
A91: Greece | B91: GRC | C91: Official exchange rate (LCU per US$, period average) | D91: PA.NUS.FCRF | E91: 30.0003 | F91: 30.00005 | G91: 30 | H91: 30 | I91: 30 | J91: 30 | K91: 30 | L91: 30 | M91: 30 | N91: 30 | O91: 30 | P91: 30 | Q91: 30.0003 | R91: 29.625225 | S91: 30.0003 | T91: 32.051325 | U91: 36.517583 | V91: 36.838417 | W91: 36.745417 | X91: 37.038417 | Y91: 42.616583 | Z91: 55.408417 | AA91: 66.803167 | AB91: 88.06425 | AC91: 112.71658 | AD91: 138.11908 | AE91: 139.98117 | AF91: 135.4295 | AG91: 141.8605 | AH91: 162.41658 | AI91: 158.51392 | AJ91: 182.26642 | AK91: 190.62425 | AL91: 229.24984 | AM91: 242.60282 | AN91: 231.66274 | AO91: 240.71154 | AP91: 273.05785 | AQ91: 295.52911 | AR91: 305.6466 | AS91: 365.39856 | AT91: 1.1165331 | AU91: 1.057559 | AV91: 0.88404793 | AW91: 0.80392165 | AX91: 0.80380019 | AY91: 0.79643273 | AZ91: 0.7296724 | BA91: 0.67992268 | BB91: 0.7169577 | BC91: 0.75430899 | BD91: 0.7184139 | BE91: 0.77833812 | BF91: 0.75294512 | BG91: 0.7527282 | BH91: 0.90129642 | BI91: 0.90342144 | BJ91: 0.88520551 | BK91: 0.84677267 | BL91: 0.89327626 | BM91: 0.8755064 | BN91: 0.84549414 | BO91: 0.94962375 | BP91: 0.92483956 | BQ91: 0.92388955
A92: Grenada | B92: GRD | C92: Official exchange rate (LCU per US$, period average) | D92: PA.NUS.FCRF | E92: 1.71429 | F92: 1.71429 | G92: 1.71429 | H92: 1.71429 | I92: 1.71429 | J92: 1.71429 | K92: 1.71429 | L92: 1.7619083 | M92: 2 | N92: 2 | O92: 2 | P92: 1.9748727 | Q92: 1.9212781 | R92: 1.9592192 | S92: 2.0532324 | T92: 2.1697958 | U92: 2.6146708 | V92: 2.7 | W92: 2.7 | X92: 2.7 | Y92: 2.7 | Z92: 2.7 | AA92: 2.7 | AB92: 2.7 | AC92: 2.7 | AD92: 2.7 | AE92: 2.7 | AF92: 2.7 | AG92: 2.7 | AH92: 2.7 | AI92: 2.7 | AJ92: 2.7 | AK92: 2.7 | AL92: 2.7 | AM92: 2.7 | AN92: 2.7 | AO92: 2.7 | AP92: 2.7 | AQ92: 2.7 | AR92: 2.7 | AS92: 2.7 | AT92: 2.7 | AU92: 2.7 | AV92: 2.7 | AW92: 2.7 | AX92: 2.7 | AY92: 2.7 | AZ92: 2.7 | BA92: 2.7 | BB92: 2.7 | BC92: 2.7 | BD92: 2.7 | BE92: 2.7 | BF92: 2.7 | BG92: 2.7 | BH92: 2.7 | BI92: 2.7 | BJ92: 2.7 | BK92: 2.7 | BL92: 2.7 | BM92: 2.7 | BN92: 2.7 | BO92: 2.7 | BP92: 2.7 | BQ92: 2.7
A93: Greenland | B93: GRL | C93: Official exchange rate (LCU per US$, period average) | D93: PA.NUS.FCRF | E93: 6.90714 | F93: 6.90714 | G93: 6.90714 | H93: 6.90714 | I93: 6.90714 | J93: 6.90714 | K93: 6.90714 | L93: 7.00595 | M93: 7.5 | N93: 7.5 | O93: 7.5 | P93: 7.4175957 | Q93: 6.9492917 | R93: 6.0495 | S93: 6.0949 | T93: 5.74615 | U93: 6.045025 | V93: 6.0031917 | W93: 5.514625 | X93: 5.2609583 | Y93: 5.6359417 | Z93: 7.1233667 | AA93: 8.3324417 | AB93: 9.1449917 | AC93: 10.356592 | AD93: 10.596392 | AE93: 8.0909917 | AF93: 6.8403167 | AG93: 6.731525 | AH93: 7.310175 | AI93: 6.1885583 | AJ93: 6.3964583 | AK93: 6.0361333 | AL93: 6.4839392 | AM93: 6.3605517 | AN93: 5.6023667 | AO93: 5.7986717 | AP93: 6.6044592 | AQ93: 6.7008267 | AR93: 6.97624 | AS93: 8.0831442 | AT93: 8.3228175 | AU93: 7.8947142 | AV93: 6.5876733 | AW93: 5.9910567 | AX93: 5.99691 | AY93: 5.9467783 | AZ93: 5.4437008 | BA93: 5.0981308 | BB93: 5.3608667 | BC93: 5.624075 | BD93: 5.3687115 | BE93: 5.7924755 | BF93: 5.6163117 | BG93: 5.6124667 | BH93: 6.7279068 | BI93: 6.7317183 | BJ93: 6.6028935 | BK93: 6.3146188 | BL93: 6.6694466 | BM93: 6.5421522 | BN93: 6.2871131 | BO93: 7.0761519 | BP93: 6.8897026 | BQ93: 6.8944814
A94: Guatemala | B94: GTM | C94: Official exchange rate (LCU per US$, period average) | D94: PA.NUS.FCRF | E94: 1 | F94: 1 | G94: 1 | H94: 1 | I94: 1 | J94: 1 | K94: 1 | L94: 1 | M94: 1 | N94: 1 | O94: 1 | P94: 1 | Q94: 1 | R94: 1 | S94: 1 | T94: 1 | U94: 1 | V94: 1 | W94: 1 | X94: 1 | Y94: 1 | Z94: 1 | AA94: 1 | AB94: 1 | AC94: 1 | AD94: 1 | AE94: 1.875 | AF94: 2.5 | AG94: 2.6195833 | AH94: 2.8161167 | AI94: 4.4857583 | AJ94: 5.02888 | AK94: 5.17063 | AL94: 5.6353625 | AM94: 5.7512008 | AN94: 5.8103425 | AO94: 6.0495125 | AP94: 6.0652692 | AQ94: 6.3946533 | AR94: 7.38561 | AS94: 7.7631592 | AT94: 7.8585925 | AU94: 7.821645 | AV94: 7.9408467 | AW94: 7.9464958 | AX94: 7.6339442 | AY94: 7.6026308 | AZ94: 7.6733042 | BA94: 7.5600283 | BB94: 8.1615554 | BC94: 8.0577708 | BD94: 7.7854183 | BE94: 7.8336054 | BF94: 7.8568137 | BG94: 7.7322333 | BH94: 7.654815 | BI94: 7.5999371 | BJ94: 7.3479387 | BK94: 7.5191646 | BL94: 7.6966983 | BM94: 7.72165 | BN94: 7.7343883 | BO94: 7.7482438 | BP94: 7.8319742 | BQ94: 7.7585375
A95: Guam | B95: GUM | C95: Official exchange rate (LCU per US$, period average) | D95: PA.NUS.FCRF | E95: 1 | F95: 1 | G95: 1 | H95: 1 | I95: 1 | J95: 1 | K95: 1 | L95: 1 | M95: 1 | N95: 1 | O95: 1 | P95: 1 | Q95: 1 | R95: 1 | S95: 1 | T95: 1 | U95: 1 | V95: 1 | W95: 1 | X95: 1 | Y95: 1 | Z95: 1 | AA95: 1 | AB95: 1 | AC95: 1 | AD95: 1 | AE95: 1 | AF95: 1 | AG95: 1 | AH95: 1 | AI95: 1 | AJ95: 1 | AK95: 1 | AL95: 1 | AM95: 1 | AN95: 1 | AO95: 1 | AP95: 1 | AQ95: 1 | AR95: 1 | AS95: 1 | AT95: 1 | AU95: 1 | AV95: 1 | AW95: 1 | AX95: 1 | AY95: 1 | AZ95: 1 | BA95: 1 | BB95: 1 | BC95: 1 | BD95: 1 | BE95: 1 | BF95: 1 | BG95: 1 | BH95: 1 | BI95: 1 | BJ95: 1 | BK95: 1 | BL95: 1 | BM95: 1 | BN95: 1 | BO95: 1 | BP95: 1 | BQ95: 1
A96: Guyana | B96: GUY | C96: Official exchange rate (LCU per US$, period average) | D96: PA.NUS.FCRF | E96: 1.71429 | F96: 1.71429 | G96: 1.71429 | H96: 1.71429 | I96: 1.71429 | J96: 1.71429 | K96: 1.71429 | L96: 1.7380992 | M96: 2 | N96: 2 | O96: 2 | P96: 1.9886602 | Q96: 2.087273 | R96: 2.1061762 | S96: 2.2268553 | T96: 2.3553842 | U96: 2.55 | V96: 2.55 | W96: 2.55 | X96: 2.55 | Y96: 2.55 | Z96: 2.8125 | AA96: 3 | AB96: 3 | AC96: 3.8315717 | AD96: 4.251855 | AE96: 4.2724167 | AF96: 9.7558333 | AG96: 10 | AH96: 27.15875 | AI96: 39.533333 | AJ96: 111.81067 | AK96: 125.0025 | AL96: 126.73044 | AM96: 138.29024 | AN96: 141.98917 | AO96: 140.375 | AP96: 142.40083 | AQ96: 150.51917 | AR96: 177.995 | AS96: 182.43 | AT96: 187.32083 | AU96: 190.665 | AV96: 193.87833 | AW96: 198.3075 | AX96: 199.875 | AY96: 200.18833 | AZ96: 202.34667 | BA96: 203.63333 | BB96: 203.95 | BC96: 203.63583 | BD96: 204.0175 | BE96: 204.35833 | BF96: 205.39417 | BG96: 206.44917 | BH96: 206.5 | BI96: 206.5 | BJ96: 206.5 | BK96: 207.71667 | BL96: 208.5 | BM96: 208.5 | BN96: 208.5 | BO96: 208.5 | BP96: 208.5 | BQ96: 208.5
A97: High income | B97: HIC | C97: Official exchange rate (LCU per US$, period average) | D97: PA.NUS.FCRF
A98: Hong Kong SAR, China | B98: HKG | C98: Official exchange rate (LCU per US$, period average) | D98: PA.NUS.FCRF | E98: 5.7143 | F98: 5.7143 | G98: 5.7143 | H98: 5.7143 | I98: 5.7143 | J98: 5.7143 | K98: 5.7143 | L98: 5.7431583 | M98: 6.0606 | N98: 6.0606 | O98: 6.0606 | P98: 5.9804105 | Q98: 5.6414167 | R98: 5.1465 | S98: 5.0315833 | T98: 4.9351667 | U98: 4.90475 | V98: 4.662 | W98: 4.6836667 | X98: 5.0026667 | Y98: 4.9760833 | Z98: 5.5893333 | AA98: 6.0699167 | AB98: 7.2651667 | AC98: 7.818 | AD98: 7.79075 | AE98: 7.8033333 | AF98: 7.79825 | AG98: 7.806 | AH98: 7.7999167 | AI98: 7.78975 | AJ98: 7.7711667 | AK98: 7.7405833 | AL98: 7.7355833 | AM98: 7.7284167 | AN98: 7.7358333 | AO98: 7.7342542 | AP98: 7.7420833 | AQ98: 7.7453333 | AR98: 7.7575 | AS98: 7.7911667 | AT98: 7.79875 | AU98: 7.7989167 | AV98: 7.78675 | AW98: 7.788 | AX98: 7.7773333 | AY98: 7.7678333 | AZ98: 7.8014167 | BA98: 7.7868333 | BB98: 7.75175 | BC98: 7.7691667 | BD98: 7.784 | BE98: 7.7564167 | BF98: 7.756 | BG98: 7.7540833 | BH98: 7.75175 | BI98: 7.76225 | BJ98: 7.79325 | BK98: 7.8385 | BL98: 7.8359167 | BM98: 7.75725 | BN98: 7.77325 | BO98: 7.8314167 | BP98: 7.8295833 | BQ98: 7.8038333
A99: Honduras | B99: HND | C99: Official exchange rate (LCU per US$, period average) | D99: PA.NUS.FCRF | E99: 2 | F99: 2 | G99: 2 | H99: 2 | I99: 2 | J99: 2 | K99: 2 | L99: 2 | M99: 2 | N99: 2 | O99: 2 | P99: 2 | Q99: 2.0000092 | R99: 2.0000008 | S99: 2 | T99: 2 | U99: 2 | V99: 2 | W99: 2 | X99: 2 | Y99: 2 | Z99: 2 | AA99: 2 | AB99: 2 | AC99: 2 | AD99: 2 | AE99: 2 | AF99: 2 | AG99: 2 | AH99: 2 | AS99: 14.840625 | AT99: 15.476825 | AU99: 16.437058 | AV99: 17.352492 | AW99: 18.209725 | AX99: 18.832342 | AY99: 18.895208 | AZ99: 18.8951 | BA99: 18.903758 | BB99: 18.8951 | BC99: 18.8951 | BD99: 18.917142 | BE99: 19.50225 | BF99: 20.353779 | BG99: 20.987158 | BH99: 21.945175 | BI99: 22.835018 | BJ99: 23.487084 | BK99: 23.902728 | BL99: 24.508539 | BM99: 24.581881 | BN99: 24.016655 | BO99: 24.485874 | BP99: 24.601647 | BQ99: 24.799282
A100: Heavily indebted poor countries (HIPC) | B100: HPC | C100: Official exchange rate (LCU per US$, period average) | D100: PA.NUS.FCRF
...

Sheet source link
A1: Official exchange rate (LCU per US$, period average) | Data
